ディーンアドンデルーカ  東京ミッドタウン日比谷店（DEAN&DELUCA）【日比谷駅近くの充電カフェ】,東京都千代田区有楽町1-1-4,日比谷駅から徒歩2分（東京ミッドタウン日比谷 1F）,【あり】お店独自のWi-Fi,8口以上（窓側カウンター腰位置）,平日7:00〜22:00 土日祝 8:00〜21:00,なし,https://www.deandeluca.co.jp/shop/detail.php?shop_id=40,03-3519-3735,2,2
デベロッパーズ・アイオー・カフェ Developers.IO CAFE【秋葉原駅昭和通り口近くの充電カフェ】,東京都千代田区神田須田町2-25,秋葉原駅昭和通り口から徒歩3分/岩本町駅A6から徒歩1分(Gyb秋葉原1階),"【あり】FON,FreeMobile",10口以上1席当たり2口くらい（中央テーブル以外の全席）,平日10:00～18:30,土日祝,https://cafe.classmethod.jp/,0120-991-668,2,2
カフェ キッカ（KIKKA）【馬喰町駅1近くの充電カフェ】,東京都千代田区東神田1丁目3－3,馬喰町駅1から徒歩3分,【あり】お店独自のWi-Fi,10口くらい（1階ソファー席足元）,07:00～11:30/11:30～15:00/17:00～22:30,年中無休,https://seven-garden.com/ja/staticPage/5,03-5825-4806,2,2
プロント 神田グラントセントラルホテル店【神田駅北口近くの充電カフェ】,東京都千代田区神田司町2-2,神田駅北口から徒歩4分,"【あり】docomo Wi-Fi,お店独自のWi-Fi,その他",16口（禁煙フロア中央テーブル席腰位置）,06:30～23:00  土日祝曜：カフェ 06:30～10:00,年中無休,https://www.pronto.co.jp/sp/shop/detail?shopid=PR00000276,03-6260-8164,2,2
スターバックスコーヒー 市ヶ谷駅前店【市ヶ谷駅4近くの充電スタバ】,東京都千代田区五番町2,"市ヶ谷駅4番出口,3番出口から徒歩1分（市ヶ谷ストア 2F）","【あり】フレッツ・スポット,ソフトバンクWi-Fiスポット,au-Wi-Fi,docomo Wi-Fi,Wi2 300,at_STARBUCKS_Wi2",4口以上（窓側の席）,月～土： 07:00～22:00 日祝： 08:00～21:00,不定休,https://www.starbucks.co.jp/store/search/detail.php?id=901,03-3261-1881,2,2
ティークロッシング（T-Crossing） エチカフィット永田町【永田町駅改札内の充電カフェバー】,東京都千代田区永田町１丁目１１−２８,永田町駅改札内徒歩0分（有楽町線ホームの上階）,"【あり】フレッツ・スポット,ソフトバンクWi-Fiスポット,au-Wi-Fi,docomo Wi-Fi,お店独自のWi-Fi",10口（階段側カウンター席）,7：00～23：00　/　土日8：00～22：00,なし,https://dengen-cafe.com/h38r,03-5510-3077,2,2
ディーン＆デルーカカフェ東京ガーデンテラス紀尾井町【永田町駅9a近くの充電カフェ,東京都千代田区紀尾井町１−２,永田町駅9a、9bから徒歩2分（東京ガーデンテラス紀尾井町1F）,"【あり】docomo Wi-Fi,お店独自のWi-Fi,その他",12口（禁煙大テーブル二口ずつ）,月-金 7:00 - 22:00 / 土日祝 9:00 - 21:00,なし,https://www.deandeluca.co.jp/shop/detail.php?shop_id=27,03-5226-7951,2,2
エチカフィット（Echikafit） 永田町イートイン【永田町駅改札内の充電イートイン】,東京都千代田区永田町1-11-28,永田町駅構内(有楽町線ホームの上階、B3Fコンコース),"【あり】フレッツ・スポット,ソフトバンクWi-Fiスポット,au-Wi-Fi,docomo Wi-Fi,お店独自のWi-Fi",2口×60口以上（C&Cを除くフードコートエリアの4フロアのイートインスペースのカウンター席のテーブル前の壁面、ベンチシートの足元、1人がけBOXシートの背ずり側面）,7:00〜23:00,なし,https://www.echika-echikafit.com/nagatacho,03-5510-3077,2,2
DEAN&DELUCAカフェBMW GROUP TERRACE【東京駅八重洲南口近くの充電カフェ】,東京都千代田区丸の内1-9-2,東京駅八重洲南口から徒歩3分（グラントウキョウサウスタワー1F BMWショールーム内）,【あり】お店独自のWi-Fi,8口（カウンター前にある長いテーブルで電源使用８席）,月-金 7:30 - 21:00 土日祝 8:00 - 20:00,なし,https://www.deandeluca.co.jp/shop/detail.php?shop_id=37,03-5218-5775,2,2
スターバックスコーヒー 有楽町ビル1階店【有楽町駅日比谷口近くの充電カフェ】,東京都千代田区有楽町1-10-1,有楽町駅日比谷口から徒歩1分（有楽町ビル1階）,"【あり】フレッツ・スポット,ソフトバンクWi-Fiスポット,au-Wi-Fi,docomo Wi-Fi,Wi2 300,at_STARBUCKS_Wi2",2口（入口横カウンター席腰位置）,月～金： 07:00～22:00 土： 09:00～22:00 日祝： 09:00～21:00,不定休,https://goo.gl/xi1sFd,03-6250-1021,2,2
ディーンアドンデルーカ 日本橋高島屋 S.C.店（DEAN&DELUCA）【日本橋駅近くの充電カフェ】,東京都中央区日本橋2-5-1 （ 日本橋高島屋 S.C. 1階）,日本橋駅から徒歩3分,【あり】お店独自のWi-Fi,8口以上（カウンター席腰位置に設置）,平日 7:30 - 20:00  土日祝 10:30 - 20:00,なし,https://www.deandeluca.co.jp/shop/detail.php?shop_id=46,03-6281-9437,2,12
カフェ＆ブーズ（cafe＆booze1933）【小伝馬町駅3近くの充電カフェ】,東京都中央区日本橋大伝馬町4-5,小伝馬町駅3番出口から徒歩1分（オオトリビルB1）,【あり】お店独自のWi-Fi,8口位（壁際の各テーブル）,月～木 11:00～22:00  金 11:00～23:30,土日祝,http://www.cafe-booze1933.com/,03-3662-4185,2,12
コワーク大内【銀座駅C2近くの充電スペース】※時間課金※,東京都中央区銀座6-4-8,銀座駅C2出口より徒歩3分 新橋駅銀座口より徒歩4分（曽根ビルB1F）,【あり】お店独自のWi-Fi,14口（カウンターに電源タップ2台　テーブル席に電源タップ1台）,10:00～18:00,-,https://dengen-cafe.com/2wek,03-6228-5775,2,12
ザ・パイホールロサンゼルス GINZASIX店【銀座駅A4近くの充電カフェ】,東京都中央区銀座6-10-1,銀座駅A4またはA5またはGinzaSix直通出口から徒歩1分（GinzaSixのB2F）,"【あり】お店独自のWi-Fi,その他",8口（カウンター席卓上）,10：30～20：30,GINZA SIXに準ずる,https://dengen-cafe.com/houq,03-6264-6545,2,12
タリーズコーヒー 東京スクエアガーデン店【京橋駅3出口近くの充電カフェ】,東京都中央区京橋3丁目1-1,京橋駅3出口から徒歩1分（東京スクエアガーデンB1F）,"【あり】フレッツ・スポット,au-Wi-Fi,docomo Wi-Fi,お店独自のWi-Fi,その他",6口（禁煙窓側カウンター席卓上）,平日：7:00～22:00 土：10:00～22:00 日祝：10:00～18:0,なし,https://dengen-cafe.com/7bnm,03-6214-1185,2,12
カフェ&バー ムーティエ（Cafe&Bar MOUTIERS）【銀座一丁目駅近くの充電カフェバー】,東京都中央区銀座２－５－５,銀座一丁目駅（B１F）,【あり】お店独自のWi-Fi,3口（カウンター下に設置）,15:00～24:00,日曜日,https://moutiers.owst.jp/,03-6263-2597,2,12
喫茶室ルノアール 東京駅八重洲1丁目店【東京駅近くの充電喫茶店】,東京都中央区八重洲1-4-18,東京駅八重洲北口から徒歩3分/日本橋駅A3から徒歩2分(八重洲ヒロセビル1F),"【あり】BBモバイルポイント,au-Wi-Fi,Wi2 300,お店独自のWi-Fi",4口以上,[平日]07:30～23:00 [土]08:00～23:00 [日祝]08:00～22:00,なし,https://goo.gl/1h8t5s,03-6262-6355,2,12
喫茶室ルノアール 東京駅八重洲北口店【東京駅近くの充電喫茶店】,東京都中央区八重洲1-6-17,東京駅八重洲北口から徒歩1分/日本橋駅B3から徒歩4分(八重洲勧業ビル1F及びB1F),"【あり】BBモバイルポイント,au-Wi-Fi,Wi2 300,お店独自のWi-Fi",10口以上,[平日]07:30～23:00 [金]07:30～23:30 [土日祝]08:00～23:00,なし,https://goo.gl/g4kS6F,03-3517-8722,2,12
エクセルシオールカフェバリスタ  銀座中央通り店【銀座駅A2近くの充電カフェ】,東京都中央区銀座７‐８‐７,銀座駅A2出口から徒歩4分（ GINZA GREEN 1Ｆ・2Ｆ）,【あり】,4口程度,08:00～22:00 [日祝]08:00～21:00,なし,https://goo.gl/zUG98R,03-5537-0558,2,12
エクセルシオールカフェ  聖路加ガーデン店【築地駅3近くの充電カフェ】,東京都中央区明石町８‐１,築地駅3番出口から徒歩4分（聖路加ガーデン２Ｆ）,"【あり】ソフトバンクWi-Fiスポット,au-Wi-Fi,docomo Wi-Fi",4口程度(カウンター),[平日]07:00～21:00 [土日祝]08:00～20:00,なし,https://goo.gl/P9NQYs,03-5550-2323,2,12
スターバックスコーヒー 銀座ファイブ店【銀座駅C1近くの充電スタバ】,東京都中央区銀座5丁目1番先,銀座駅C1出口から徒歩1分（銀座ファイブビルB1F）,"【あり】フレッツ・スポット,ソフトバンクWi-Fiスポット,au-Wi-Fi,docomo Wi-Fi,Wi2 300,at_STARBUCKS_Wi2",6口(通路側カウンター席腰位置),[月～土]07:00～22:30 [日祝]10:00～22:00,不定休,https://goo.gl/x7T88g,03-6252-5995,2,12
スターバックス コーヒー マロニエゲート銀座1店【銀座一丁目駅2近くの充電スタバ】,東京都中央区銀座2-2-14,銀座一丁目駅4番出口から徒歩2分（マロニエゲート銀座1）,"【あり】au-Wi-Fi,Wi2 300,at_STARBUCKS_Wi2",8口（フロア中央カウンター席腰位置）,11:00～21:00,不定休,https://goo.gl/Ke597u,03-5524-1636,2,12
スターバックスコーヒー 京橋駅前店【京橋駅5近くの充電スタバ】,東京都中央区京橋2-4-12,京橋駅5番出口から徒歩0分（京橋第一生命ビルディング 1F）,"【あり】フレッツ・スポット,ソフトバンクWi-Fiスポット,au-Wi-Fi,docomo Wi-Fi,Wi2 300,at_STARBUCKS_Wi2",8口（入口カウンター席腰位置に4口、奥のカウンター席腰位置に4口）,[月～土]07:00～22:00 [日祝] 09:00～21:00,不定休,https://goo.gl/xbaKcD,03-5202-8656,2,12
ドトールコーヒー 外苑前店【外苑前駅3近くの充電カフェ】,東京都港区北青山２-７-１８,外苑前駅3から徒歩1分,"【あり】au-Wi-Fi,docomo Wi-Fi",4口以上,平日: 07:00～22:00、土・日・祝: 08:00～21:00,年中無休,https://dengen-cafe.com/qrzq,03-3401-9757,２,22
上島珈琲店 青山店【表参道駅近くの充電喫茶店】,東京都港区北青山3-5-14,表参道駅から徒歩3分（青山クリスタルビル1F）,【あり】お店独自のWi-Fi,8口以上（壁側テーブル席足元等）,平日 7:30～22:00 / 土日祝 8:00～22:00,なし,https://shop.ufs.co.jp/ufs/,03-6804-5111,２,22
上島珈琲店 ホテルグランドフレッサ赤坂店【赤坂駅6近くの充電喫茶店】,東京都港区赤坂6-3-17,赤坂駅6から徒歩0分(ホテルグランドフレッサ赤坂1F,【あり】お店独自のWi-Fi,8口以上（壁側テーブル席足元等）,06:30～22:00,なし,https://shop.ufs.co.jp/ufs/,03-3568-1702,２,22
スターバックスコーヒーTSUTAYA 新橋店 【新橋駅烏森口近くの充電スタバ】,東京都港区新橋4-11-1A,新橋駅烏森口出口から徒歩4分（PLACE新橋）,"【あり】フレッツ・スポット,ソフトバンクWi-Fiスポット,au-Wi-Fi,docomo Wi-Fi,Wi2 300,at_STARBUCKS_Wi2",14口（公園側カウンター10口、レジ横カウンター4口）,07:00～23:00,不定休,https://www.starbucks.co.jp/store/search/detail.php?id=2057,03-5777-0651,２,22
ジョナサン 台場デックス東京ビーチ店【お台場海浜公園駅北口・東京テレポート駅近くの充電ファミレス】,東京都港区台場１丁目６−１デックス東京ビーチシーサイド,お台場海浜公園駅北口より徒歩3分・東京テレポート駅A口出口より徒歩6分（デックス東京ビーチシーサイド）,"【あり】au-Wi-Fi,Wi2 300,お店独自のWi-Fi",6口以上（テーブル席足元等）,07:15〜23:00,なし,https://dengen-cafe.com/kx74,03-3599-3608,２,22
タリーズコーヒー セレスティン芝三井ビルディング店【三田駅A10近くの充電カフェ】,東京都港区芝3-23-1,三田駅A10出口から徒歩1分（セレスティン芝三井ビルディング1F）,"【あり】ソフトバンクWi-Fiスポット,au-Wi-Fi,docomo Wi-Fi,お店独自のWi-Fi",4口（入り口近くのカウンター席卓上）,平日：7:00～20:30 土 ：8:00～18:00,日祝,https://map.tullys.co.jp/tullys/detailMap?account=tullys&accmd=0&bid=56,03-5419-3588,２,22
エクセルシオールカフェバリスタ  東京汐留ビルディング店【汐留駅東口近くの充電カフェ】,東京都港区東新橋１‐９‐１,汐留駅東口から徒歩1分（東京汐留ビルディング２Ｆ２０２）,"【あり】ソフトバンクWi-Fiスポット,au-Wi-Fi,docomo Wi-Fi",4口以上（禁煙カウンター席卓上、腰位置などに設置）,平日: 07:00 - 21:00 土日祝: 08:00 - 21:00,なし,https://sasp.mapion.co.jp/b/doutor/info/05000147/,03-5568-1865,２,22
サンマルクカフェ慶應三田店【三田駅A3出口/田町駅三田口近くの充電カフェ】,東京都港区芝5-25-11,三田駅A3出口から徒歩3分/ 田町駅 三田口から徒歩10分,"【あり】ソフトバンクWi-Fiスポット,お店独自のWi-Fi",2口（窓側席）,07:00～22:00,なし,https://goo.gl/Q7r6Hg,03-5765-2309,２,22
エブリシングサラダ（EVERYTHING SALAD） 青山【表参道駅近くの電源カフェ】,東京都港区南青山3-14-26,表参道駅A4出口から徒歩3分,【不明】,16口（1Fカウンター席、2Fカウンター席）,11:30~22:00,不定休,https://goo.gl/59f2Ck,03-6434-9703,２,22
カフェ・ベローチェ 虎ノ門店【虎ノ門駅・東京都港区】,東京都港区虎ノ門1-15-10,虎ノ門駅 A4出口から徒歩3分（名和ビル1F）,"【あり】ソフトバンクWi-Fiスポット,au-Wi-Fi,docomo Wi-Fi,Wi2Premium",3口（外側の席）,［平日］7:00～22:00［土］7:00～18:00,日・祝店休,http://chatnoir-company.com.2-t.jp/r65g,03-3580-5625,２,22
ルノアール 新宿明治通り店【新宿3丁目駅E3出口近くの充電喫茶店】,東京都新宿区新宿3-13-5,新宿3丁目駅E3出口から徒歩1分,"【あり】BBモバイルポイント,au-Wi-Fi,Wi2Premium,お店独自のWi-Fi",10口以上（テーブル席足元に設置）,8：00-23：00,なし,https://www.ginza-renoir.co.jp/shopsearch/shops/view/60,03-6273-0135,2,32
ルノアール 新宿西口1丁目店【新宿駅西口近くの充電喫茶店】,東京都新宿区西新宿1-4-1,新宿駅西口徒歩2分,"【あり】BBモバイルポイント,au-Wi-Fi,Wi2Premium,お店独自のWi-Fi",10口以上（テーブル席足元に設置）,月～土：7：30-23：30 日祝日：8：00-23：00,なし,https://www.ginza-renoir.co.jp/shopsearch/shops/view/501,03-6279-4922,2,32
バーミヤン 新宿西口大ガード店【新宿駅西口近くの充電ファミレス】,東京都新宿区西新宿７丁目１−１　,新宿西口駅D5出口から徒歩約1分(新宿カレイドビル３Ｆ),"【あり】au-Wi-Fi,Wi2 300,お店独自のWi-Fi",6口以上（テーブル席足元等）,10:00〜24:00,なし,https://dengen-cafe.com/9t3n,03-5337-5855,2,32
エクセルシオールカフェバリスタ  新宿三丁目店【新宿三丁目駅A5近くの充電カフェ】,東京都新宿区新宿３-２８-１５,新宿三丁目駅A4から徒歩1分、新宿駅東口から徒歩3分,"【あり】au-Wi-Fi,docomo Wi-Fi",6口以上（禁煙カウンター・テーブル席卓上、腰位置などに設置）,08:00 - 23:00,なし,https://sasp.mapion.co.jp/b/doutor/info/05000011/,03-5269-2340,2,32
ドトールコーヒー 飯田橋ラムラ店【飯田橋駅B3近くの充電カフェ】,東京都新宿区神楽河岸１-１,飯田橋駅B3出口から徒歩3分（ 飯田橋セントラルプラザ２Ｆ）,"【あり】au-Wi-Fi,docomo Wi-Fi",4口程度,08:00～21:00,なし,https://goo.gl/PDm6NL,03-3267-9130,2,32
エクセルシオール カフェ 新宿小滝橋通り店【新宿西口駅D5・西武新宿駅近くの電源カフェ】,東京都新宿区西新宿７-２-５,新宿西口駅D5から徒歩2分/西武新宿駅から徒歩5分(ＴＨ西新宿ビル１Ｆ・２Ｆ),"【あり】au-Wi-Fi,docomo Wi-Fi",26口（1F禁煙入口カウンターに3口、フロア中央カウンターに10口、2F禁煙カウンター席合計16口、喫煙カウンターに10口）,[平日]07:00～22:00 [土日祝]08:00～21:00,なし,https://goo.gl/6gUdQR,03-3362-7606,2,32
スターバックスコーヒー 新宿サブナード店 【西武新宿駅南口近くの充電スタバ】,東京都新宿区歌舞伎町1丁目サブナード1,西武新宿駅サブナード３出口 徒歩1分/新宿駅サブナード５出口から 徒歩1分（地下新宿サブナード1丁目内）,"【あり】フレッツ・スポット,ソフトバンクWi-Fiスポット,au-Wi-Fi,docomo Wi-Fi,Wi2 300,at_STARBUCKS_Wi2",6口(カウンター席腰の位置),07:00～22:00,不定休,https://goo.gl/eqwT61,03-5312-0531,2,32
スターバックスコーヒー 取手ボックスビル【新宿駅東南口近くの電源スタバ】,東京都新宿区新宿3-36-6,新宿駅東南口から徒歩2分(大安ビル 1F),"【あり】ソフトバンクWi-Fiスポット,au-Wi-Fi,docomo Wi-Fi,Wi2 300,at_STARBUCKS_Wi2",6口(窓際カウンター),07:00～23:00,不定休,https://goo.gl/NdNVbj,03-3353-4775,2,32
カフェ・ド・クリエ 高田馬場店【高田馬場駅早稲田口近くの電源カフェ】,東京都新宿区高田馬場4-8-7,高田馬場駅早稲田口から徒歩1分,"【あり】ソフトバンクWi-Fiスポット,au-Wi-Fi,docomo Wi-Fi",8口（フロア中央禁煙カウンター席卓上に6口と喫煙フロア手前カウンター席卓上に2口）,平日 6:45～22:30 土 7:00～22:00 日/祝 7:30～22:00,なし,https://goo.gl/KUtyJH,03-5925-4133,2,32
スターバックスコーヒー 新宿西口店【新宿駅西口近くの電源スタバ】,東京都新宿区西新宿1-12-1,新宿駅7出口から徒歩2分・新宿駅西口から徒歩5分（高倉第一ビル1F）,"【あり】フレッツ・スポット,ソフトバンクWi-Fiスポット,au-Wi-Fi,docomo Wi-Fi,Wi2 300,at_STARBUCKS_Wi2",入口カウンター腰位置に10口,7:00～23:00,なし,https://www.starbucks.co.jp/store/search/detail.php?id=686,03-5324-0106,2,32
スターバックスコーヒー（スタバ） 高田馬場早稲田通り店【高田馬場駅・東京都新宿区】,東京都新宿区高田馬場1-25-32,高田馬場駅東西線7出口から徒歩0分、早稲田口から徒歩3分（早稲田通り沿いの１０８ビル 1F）,"【あり】フレッツ・スポット,ソフトバンクWi-Fiスポット,au-Wi-Fi,docomo Wi-Fi,Wi2 300,at_STARBUCKS_Wi2",2Fカウンター席腰の位置に6口ほど,7:00～23:00,不定休,http://www.starbucks.co.jp.2-t.jp/ekTK,03-3207-5800,2,32
ドトールコーヒーショップ 西新宿1丁目店【新宿駅西口が近い電源カフェ】,東京都新宿区西新宿１‐１３‐８,新宿駅西口から徒歩5分・S2出口から徒歩2分・都庁前駅A2から徒歩3分（朝日新宿ビル1.2F）,"【あり】ソフトバンクWi-Fiスポット,au-Wi-Fi,docomo Wi-Fi,Wi2Premium",2F禁煙カウンター12口,平日　06:30 - 22:00　 土日祝　07:00 - 21:00　,なし,http://sasp.mapion.co.jp/b/doutor/info/01010030/,03-3345-9668,2,32
明神カフェ【御茶ノ水駅近くの電源カフェ】,東京都文京区湯島1－2－13,御茶ノ水駅徒歩6分（御茶ノ水明神ビル１F）,【あり】お店独自のWi-Fi,4口（店内奥側座席）,11:30～15:00 /17:00～22:00(L.o.21:00),不明,https://goo.gl/F1jfcN,03-6260-9460,2,42	
スターバックスコーヒー 水道橋後楽森ビル店【水道橋駅近くの電源スタバ】,東京都文京区後楽1-4-14,水道橋駅西口から徒歩4分、飯田橋駅C2から徒歩3分（後楽森ビル 1F）,"【あり】フレッツ・スポット,ソフトバンクWi-Fiスポット,au-Wi-Fi,docomo Wi-Fi,Wi2 300,at_STARBUCKS_Wi2",4箇所8口（1F窓際カウンター席）,月～金： 07:00～21:00 土日祝： 08:00～20:00,不定休,https://www.starbucks.co.jp/store/search/detail.php?id=152,03-5802-3901,2,42	
ドトールコーヒーショップ 江戸川橋新目白通り店【江戸川橋駅近くの電源カフェ】,東京都文京区関口１-４７,江戸川橋駅1b出口から徒歩1分（駅真上の江戸川橋ビルの1F）,"【あり】au-Wi-Fi,docomo Wi-Fi",8口（禁煙カウンター卓上）,平　日: 7:00～21:00 土曜日: 7:00～20:00 日　祝: 8:00～20:00,なし,http://sasp.mapion.co.jp/b/doutor/info/01011898/,03-5229-4012,2,42	
タリーズコーヒー 東京ドームシティ店【水道橋駅/後楽園駅・東京都文京区】,東京都文京区後楽1丁目3番61号,水道橋駅から徒歩6分、後楽園駅から徒歩8分（東京ドームシティ クリスタルアベニュー）,【あり】お店独自のWi-Fi,10口（窓際カウンター席）,9:00～21:00,なし,http://www.tullys.co.jp/,03-5840-8865,2,42	
上島珈琲店 本郷三丁目店【本郷三丁目駅・東京都文京区】,東京都文京区本郷2-40-15,"本郷三丁目駅2出口（丸ノ内線）から徒歩１分（日光屋ビル1,2F）","【あり】ソフトバンクWi-Fiスポット,au-Wi-Fi,Wi2Premium",禁煙テーブル足元に2口+喫煙入口に1口,平日土 7:00〜22:00 / 日祝 8:00〜21:00,なし,http://www.ufs.co.jp.2-t.jp/djSN,03-5840-8747,2,42	
カフェドクリエ 文京シビックセンター店【後楽園駅/春日駅・東京都文京区】,東京都文京区春日1-16-21,後楽園駅 5番出口から徒歩1分,【不明】,20口以上（窓側カウンター及び出入口付近のカウンター席）,［平日］7:30～22:00［土日祝］8:00～21:00,なし,http://www.pokkacreate.co.jp/shops_sp/detail?shopID=196,03-3830-0322,2,42	
スターバックスコーヒー 東京医科歯科大学店【御茶ノ水駅・東京都文京区】,東京都文京区湯島1-5-45,御茶ノ水駅 2番出口から徒歩2分（東京医科歯科大学）,"【あり】フレッツ・スポット,ソフトバンクWi-Fiスポット,au-Wi-Fi,docomo Wi-Fi,Wi2Premium,at_STARBUCKS_Wi2",2口×2ヶ所（2F吹き抜け脇のカウンター席のうち、階段寄りの袖面2ヶ所）,［月〜土］6:30〜21:00［日祝］8:00〜19:00,不定休,http://www.starbucks.co.jp/store/search/detail.php?id=1142,03-5840-6806,2,42	
カフェオトワヤ（CAFE OTOWAYA） 護国寺店【護国寺駅近くの充電カフェ】,東京都文京区音羽2-4-2,護国寺駅　5出口から徒歩2分  （5出口を出たら右（北上）するとあります）,"【あり】FREESPOT,livedoor Wireless",2ヶ所×4口程度【テーブルタップ】（窓際のテーブル席2ヶ所の足元）,11:00～21:00(火～土) 11:00～20:00(日),月曜定休,https://dengen-cafe.com/utff,03-6902-2143,2,42	
ニューヨーカーズカフェ 水道橋東口店【水道橋駅東口近くの充電カフェ】,東京都文京区本郷1-4-1,水道橋駅東口から徒歩1分/水道橋駅A1出口から徒歩0分（地下鉄A1出口を出たらすぐ右。白山通り沿い）,"【あり】BBモバイルポイント,au-Wi-Fi,Wi2 300,お店独自のWi-Fi",禁煙…2口 ・喫煙…8口以上（禁煙エリアはレジ前の柱に面したカウンター席の足元 ・喫煙エリアは壁側長いすテーブル席の足元）,7:00～22:30,なし,https://www.ginza-renoir.co.jp/shopsearch/shops/view/75,03-3818-4584‎,2,42	
根津珈琲店（Nezu cafe）【根津駅・千駄木駅近くの充電喫茶店】,東京都文京区根津1-27-6,根津駅1出口から徒歩4分/千駄木駅1出口から徒歩5分 （千駄木二丁目交差点のところにあります）,【あり】独自,2口コンセント×(合計)6ヶ所（手前側右手喫煙席壁面席の足元3カ所と、奥の禁煙席の壁面席の足元3カ所）,8:00～22:00,なし,https://goo.gl/rwaTys,03-5834-7399,2,42	
サンマルクカフェ Echikafit上野店【上野駅広小路口近くの充電カフェ】,東京都台東区上野７丁目１−１,上野駅広小路口または中央改札から徒歩3分（銀座線改札内Echikafit上野内）,"【あり】au-Wi-Fi,Wi2Premium",10口+USB1口ずつ（中央禁煙カウンター卓上に設置）,7：00～23：00,なし,https://www.saint-marc-hd.com/b/saintmarc/info/20498/?brand_type=CFE,03-5807-3309,2,52	
マーキュリーパティオ（mercury patio）【上野駅広小路口近くの充電スペース】,東京都台東区東上野７丁目１,上野駅中央改札または広小路口から徒歩2分（銀座線改札内奥）,【あり】Wi2 300,6口（カウンター席卓上）,始発～終電,なし,https://www.tokyometro.jp/station/ueno/yardmap/index.html,-,2,52	
プロント 相鉄フレッサイン上野御徒町店【上野広小路駅A4近くの充電カフェバー】,東京都台東区上野1-20-8,上野広小路駅A4から徒歩1分,"【あり】docomo Wi-Fi,お店独自のWi-Fi,その他",8口（入口カウンター席腰位置）,10:00～22:00,なし,https://dengen-cafe.com/linb,03-5826-4903,2,52	
鷰en【蔵前駅A2近くの充電カフェ】,東京都台東区蔵前2-6-2,蔵前駅A2出口から徒歩0分,【あり】お店独自のWi-Fi,10口くらい（1階の大きめのテーブル中央、カウンター席）,8:30～20:00（日曜日は8:30～19:30）,月曜日,https://www.enkuramae.com/,03-5823-4782,2,52	
ドトールコーヒー 上野６丁目店【上野駅4近くの充電カフェ】,東京都台東区上野６‐１６‐１７,上野駅4番出口から徒歩1分,"【あり】au-Wi-Fi,docomo Wi-Fi",4口以上,[平日] 07:00～21:00 [土]08:30～21:00 [日祝]08:30～20:00,なし,https://sasp.mapion.co.jp/b/doutor/info/01011625/,03-3837-4907,2,52	
喫茶室ルノアール 京成上野駅前店【京成上野駅池の端口近くの充電喫茶店】,東京都台東区上野2-14-31,京成上野駅池の端口から徒歩0分（上野レイクサイドビル2F）,"【あり】BBモバイルポイント,au-Wi-Fi,Wi2 300,お店独自のWi-Fi",4口以上,8:00～23:00,なし,https://goo.gl/jL5pg8,03-6803-2232,2,52	
カフェ・ド・クリエ JR御徒町駅南口店【御徒町駅南口近くの充電カフェ】,東京都台東区上野5-20-3,御徒町駅南口から徒歩1分/仲御徒町駅2から徒歩2分,"【あり】au-Wi-Fi,docomo Wi-Fi,お店独自のWi-Fi",15口以上（禁煙カウンター席の卓上）,07:00～22:00,不定休,https://www.pokkacreate.co.jp/shops/detail/191,03-5817-8375,2,52	
1010cafe(いちまるカフェ)【曳舟駅近くの充電カフェ】,東京都墨田区京島1-6-6,曳舟駅/京成曳舟駅から徒歩5分(アトラスタワー曳舟101),【あり】お店独自のWi-Fi,2口くらい（窓側カウンター席）,09:00～21:00,水曜日,https://dengen-cafe.com/jb5x,090-9821-1338,2,62	
ドトールコーヒー 錦糸町錦糸公園前店【錦糸町駅4近くの充電カフェ】,東京都墨田区錦糸３-４-９,錦糸町駅4から徒歩1分(錦糸ツムラ３ビル),"【あり】au-Wi-Fi,docomo Wi-Fi",4口以上,平日07:00〜22:00、土曜日 07:30〜22:00、日・祝08:00〜21:00,年中無休,https://dengen-cafe.com/4xqu,03-3622-3108,2,62	
ふじのきカフェ【曳舟駅近くの電源カフェ】,東京都墨田区東向島２－４－３,曳舟駅から徒歩4分,【あり】お店独自のWi-Fi,8個くらい（一階カウンター2カ所、2階2カ所）,日曜日・月曜日,10:00～17:30,https://goo.gl/P2cFro,03-6657-2300,2,62	
タリーズコーヒー 錦糸町テルミナ店【錦糸町駅南口近くの電源カフェ】,東京都墨田区江東橋3丁目14番5号,錦糸町駅南口直結のビル内（テルミナ4F）,【あり】お店独自のWi-Fi,12個くらい（カウンター席に各一つずつ、テーブル席のそばにも4箇所ほど電源があり、自由に使えるとのこと。）,10:00～21:00,不明,https://goo.gl/ynGUbv,03-5669-7281,2,62	
エクセルシオール アルカキット錦糸町店【錦糸町駅北口近くの電源カフェ】,東京都墨田区錦糸２‐３０,錦糸町駅 北口徒歩1分（アルカキット錦糸町1F）,"【あり】ソフトバンクWi-Fiスポット,au-Wi-Fi,docomo Wi-Fi,Wi2Premium",20口（禁煙席：窓際カウンター15席程度、喫煙席：壁際カウンター6席）,7:00〜23:00,なし,https://sasp.mapion.co.jp/b/doutor/info/05000069/,03-5610-7235,2,62	
ロジェ【錦糸町駅北口近くの電源喫茶店】,東京都墨田区錦糸3-4-5,錦糸町駅から徒歩3分,"【あり】au-Wi-Fi,Wi2Premium,お店独自のWi-Fi",3口（左手の壁側3席）,24時間営業,年中無休,https://tabelog.com/tokyo/A1312/A131201/13131981/,03-3625-5991,2,62	
スターバックスコーヒー錦糸町テルミナ2店【錦糸町駅北口近くの充電スタバ】,東京都墨田区錦糸1-2-47,錦糸町駅から徒歩2分,"【あり】フレッツ・スポット,ソフトバンクWi-Fiスポット,au-Wi-Fi,docomo Wi-Fi,Wi2 300,at_STARBUCKS_Wi2",2Fテーブルに12口,7:00～23:00,不定休,https://www.starbucks.co.jp/store/search/detail.php?id=987,03-5619-1601,2,62	
コメダ珈琲店 丸井錦糸町店【錦糸町駅南口近くの電源喫茶店】,東京都墨田区江東橋3-9-10,錦糸町駅南口から徒歩2分（ロータリーから見えるマルイ錦糸町店の2F）,【なし】,禁煙28口以上＆喫煙8口（禁煙カウンター席卓上&テーブル席足元、喫煙テーブル席足元）,8:30〜22:00,元日、ビル点検日,https://goo.gl/m6WiHB,03-3631-6877,2,62	
スターバックスコーヒー 東京スカイツリー・ソラマチ西1階店【押上駅/とうきょうスカイツリー駅・東京都墨田区】,東京都墨田区押上1-1-2,とうきょうスカイツリー駅出口1から徒歩1分・押上駅B3出口から徒歩4分（東京スカイツリーソラマチウェスト1F）,"【あり】ソフトバンクWi-Fiスポット,au-Wi-Fi,docomo Wi-Fi,Wi2 300,at_STARBUCKS_Wi2",6口（カウンター席腰位置）,7:00～23:00,不定休,http://www.starbucks.co.jp/store/search/detail.php?id=1040,03-5610-3014,2,62	
ドトールコーヒー 有明セントラルタワー店【有明駅西口、国際展示場正門駅北口近くの充電カフェ】,東京都江東区有明３-７-１８,有明駅西口から徒歩5分、国際展示場正門駅北口から徒歩5分（有明セントラルタワー１Ｆ）,【なし】,4口以上,平日: 07:15～17:00,土曜、日曜、祝日,https://dengen-cafe.com/ppzd,03-3527-5051,2,72	
上島珈琲店 南砂町店【南砂町駅3近くの充電喫茶店】,東京都江東区新砂3-4-3,南砂町駅3番出口から徒歩9分(1SUNAMO 1F),"【あり】ソフトバンクWi-Fiスポット,au-Wi-Fi,docomo Wi-Fi,お店独自のWi-Fi",4口以上,10:00～21:00,なし,https://goo.gl/7vKjVR,03-5677-0519,2,72	
コメダ珈琲店 新木場駅前店【新木場駅近くの充電喫茶店】,東京都江東区新木場1-6-1,新木場駅から徒歩0分（2F）,"【あり】docomo Wi-Fi,お店独自のWi-Fi",10ぐらい（カウンター、2名席）,07:00〜23:00,なし ※年末年始は変更する場合がございます,https://goo.gl/3QSpZs,03-5534-6684,2,72	
サブウェイ 新木場店【新木場駅近くの充電カフェ】,東京都江東区新木場1-6-1,新木場駅ナカ徒歩0分（新木場駅構内）,【不明】,14口（入り口右手カウンター及び店内中央カウンター28席）,7:00〜21:00（土日祝10:00〜19:00）,なし,https://www.subway.co.jp/shops/kanto/tokyo/tokyo23/koto-ku/shop688/,03-3521-2267,2,72	
サンマルクカフェ ららぽーと豊洲店【豊洲駅から近い電源カフェ】,東京都江東区豊洲2-4-9,豊洲駅2番出口から徒歩5分（ららぽーと豊洲内）,"【あり】ソフトバンクWi-Fiスポット,Wi2Premium",10口ほど（カウンター席：半分以上喫煙),10:00～21:00,なし,https://www.saint-marc-hd.com/b/saintmarc/info/20146/?brand_type=CFE,03-6910-1359,2,72	
ドトールコーヒーショップ 大島駅前店【大島駅・東京都江東区】,東京都江東区大島5-34-35,大島駅 A1出口すぐ,"【あり】ソフトバンクWi-Fiスポット,au-Wi-Fi",5口（お店に入って直ぐ右の、窓側カウンター席）,[平日] 7:00～21:00 [土日祝] 8:00～20:00,なし,http://www.doutor.co.jp.2-t.jp/hmGD,03-3638-3661,2,72	
スターバックスコーヒー（スタバ） ダイバーシティ東京プラザ店【東京テレポート駅/台場駅・東京都江東区】,東京都江東区青海1-1-10,東京テレポート駅B出口から徒歩６分（ダイバーシティ東京 プラザ 2階）,"【あり】フレッツ・スポット,ソフトバンクWi-Fiスポット,au-Wi-Fi,docomo Wi-Fi,Wi2 300,at_STARBUCKS_Wi2",フロア中央カウンター席に8口,9:00～22:00,不定休,http://www.starbucks.co.jp.2-t.jp/eaDe,03-3527-8175,2,72	
BECK’S COFFEE SHOP 新木場店【新木場駅・東京都江東区】,東京都江東区新木場１丁目５,JR京葉線新木場駅1・2番線ホーム上なかほど,【不明】,5口くらい（カウンター席）,7:00～22:00,なし,http://www.jefb.co.jp/becks/,050-3797-1658,2,72	
タリーズコーヒー 東陽町イースト21店【東陽町駅近くの充電カフェ】,東京都江東区東陽6-3-3,東陽町駅 1番出口徒歩5分,"【あり】ソフトバンクWi-Fiスポット,Wi2Premium,お店独自のWi-Fi",10口（窓側２口×５か所）,9:00～21:00（平日は8：00～）,なし,https://dengen-cafe.com/a71m,03-5653-7580,2,72	
エクセルシオールカフェ  品川シーサイドフォレスト店【品川シーサイド駅近くの充電カフェ】,東京都品川区東品川４丁目１２番地６,品川シーサイド駅A出口から徒歩1分（品川シーサイドフォレストＢ１Ｆ）,"【あり】au-Wi-Fi,docomo Wi-Fi",4口以上（禁煙カウンター席卓上、腰位置などに設置）,7:30～22:00,なし,https://sasp.mapion.co.jp/b/doutor/info/05000093/,03-5769-2665,2,82	
カフェルアール 目黒東口駅前店【目黒駅東口近くの充電喫茶店】,東京都品川区上大崎2-12-1,目黒駅東口から徒歩1分 （東口からでて左の交差点角にあります。元カフェミヤマだった所です）,"【あり】フレッツ・スポット,au-Wi-Fi,Wi2 300,お店独自のWi-Fi",１４口（禁煙席壁側足元）・７口（喫煙席壁側足元）,平日　：7：30-23：00 土曜日：8：00-23：00 日祝日：8：00-22：00,なし,https://www.ginza-renoir.co.jp/shopsearch/shops/view/13,03-3446-5284,2,82	
ドトールコーヒー 武蔵小山店【武蔵小山駅東口近くの充電カフェ】,東京都品川区小山３‐２２‐１７,武蔵小山駅東口から徒歩3分,"【あり】au-Wi-Fi,docomo Wi-Fi",4口以上,07:15〜21:00,年中無休,https://dengen-cafe.com/l5ho,03-3781-1937,2,82	
エクセルシオールカフェ  五反田東口店【五反田駅A5近くの充電カフェ】,東京都品川区東五反田１-１３-１０,五反田駅A5から徒歩1分（さくらビル１Ｆ・２Ｆ）,【あり】ソフトバンクWi-Fiスポット,18口程度（２階禁煙席大テーブル12口 喫煙席大テーブル6口）,平　日: 06:30～23:00 土曜日: 07:00～23:00 日　祝: 07:00～22:00,無休,https://goo.gl/SNQu6B,03-5793-3810,2,82	
タリーズコーヒー 目黒東口店【目黒駅東口近くの電源カフェ】,東京都品川区上大崎2-13-30,目黒駅東口から徒歩3分(oakmeguro1F),【あり】お店独自のWi-Fi,多数あり。約20口以上（中央の大きな机2台(向かい合う席)）,07:30～ 21:00  [土日祝]08:00～20:00,年中無休,https://goo.gl/k3krJm,03-6450-2501,2,82	
コメダ珈琲店 武蔵小山店【武蔵小山駅近くの充電喫茶店】,東京都品川区荏原3-8ｰ7,武蔵小山駅から徒歩5分（武蔵小山商店街Palm内）,"【あり】ソフトバンクWi-Fiスポット,お店独自のWi-Fi",5口（喫煙カウンター卓上に3口+隣のボックス席に2口）,7:00〜23:00,なし,http://www.komeda.co.jp/search/shopdetail.php?id=580,03-6426-1353,2,82	
スターバックスコーヒー（スタバ） 西五反田店【大崎広小路駅/五反田駅・東京都品川区】,東京都品川区西五反田1-18-1,大崎広小路駅出口から徒歩3分・五反田駅西口から徒歩4分（大崎広小路交差点からすぐ。五反田駅に繋がる道沿いのゴタンダ エクス 1F）,"【あり】フレッツ・スポット,ソフトバンクWi-Fiスポット,au-Wi-Fi,docomo Wi-Fi,Wi2 300,at_STARBUCKS_Wi2",入口カウンターに8口あります,7:00～22:30,不定休,http://www.starbucks.co.jp.2-t.jp/gZ5Z,03-5434-2219,2,82	
Stay Gold 目黒権之助坂店 （ステイゴールド）【目黒駅・東京都品川区】,東京都品川区上大崎2-25-12,目黒駅 西口から徒歩1分（目黒みすずビル3Ｆ）,"【あり】BBモバイルポイント,ソフトバンクWi-Fiスポット,docomo Wi-Fi,FreeMobile,その他",10口（カウンター席×２　テーブル席下×３）,11:30～26：00,なし,http://www.stay-gold.jp/,03-5496-3252,2,82	
スターバックスコーヒー 目黒店【目黒駅・東京都品川区】,東京都 品川区 上大崎2-25-2,目黒駅西口から徒歩1分（新目黒東急ビル1F）,"【あり】フレッツ・スポット,ソフトバンクWi-Fiスポット,au-Wi-Fi,docomo Wi-Fi,Wi2 300,Wi2Premium,at_STARBUCKS_Wi2",22口以上（スタバ本社側入口入って右手のbox席袖面4箇所×3ハコ、中央のiPadのある大テーブル席の足部分2ヶ所。さらに北側のカウンター席(8席)の席間袖面4ヶ所。）,［平日］7:00〜21:00［土日祝］8:00〜20:00,不定休,http://www.starbucks.co.jp/store/search/detail.php?id=1130,03-5719-4668,2,82	
スターバックスコーヒー ゲートシティ大崎店【大崎駅新東口近くの充電スタバ】,東京都品川区大崎1-11-1,大崎駅南口から徒歩2分（大崎駅前のゲートシティ内にあります。詳しくはゲートシティの店舗案内看板）,"【あり】フレッツ・スポット,ソフトバンクWi-Fiスポット,au-Wi-Fi,docomo Wi-Fi,Wi2 300,at_STARBUCKS_Wi2",カウンター席…6口（2口x3） ・テーブル席…4口（2口x2）（PC用のテーブル席と、通路に面したカウンター席）,7:00～22:30,不定休,https://www.starbucks.co.jp/store/search/detail.php?id=32,03-5496-3027,2,82	
スターバックスコーヒー エトモ大井町店【大井町駅近くの充電スタバ】,東京都品川区大井1-1-1,大井町駅　から徒歩0分  （東急大井町駅の2Ｆ）,"【あり】フレッツ・スポット,ソフトバンクWi-Fiスポット,au-Wi-Fi,docomo Wi-Fi,Wi2 300,at_STARBUCKS_Wi2",4口（レジ横カウンター席）,7:00～22:30,なし,https://www.starbucks.co.jp/store/search/detail.php?id=525,03-5746-0201,2,82	
上島珈琲店 自由が丘店【自由が丘駅近くの充電喫茶店】,東京都目黒区自由が丘1-26-7,自由が丘駅から徒歩3分,【あり】お店独自のWi-Fi,8口以上（壁側テーブル席足元等）,平日 7:30～22:00 / 土日祝 8:00～21:00,なし,https://shop.ufs.co.jp/ufs/,03-5731-9251,2,92	
目黒ダイニング【目黒駅正面口近くの充電ダイニング】,東京都目黒区下目黒2-17-22,目黒駅正面口から徒歩7分（東和ビルⅡ 1階）,【あり】お店独自のWi-Fi,3口くらい（テーブル席の窓際）,[平日] 11:30〜14:00(L.O13:30) 18:30- 23:00(L.O22:30) [土日祝日] 12:30〜16:00(L.O15:30),なし,https://dengen-cafe.com/bxye,03-6322-0781,2,92	
ドトールコーヒー 中目黒店【中目黒駅近くの充電カフェ】,東京都目黒区上目黒３‐３‐２,中目黒駅から徒歩1分,"【あり】au-Wi-Fi,docomo Wi-Fi",1口,平日07:00〜22:00　土曜日07:30 〜21:00　日・祝08:00〜20:00,年中無休,https://bit.ly/2JEquSt,03-3713-4269,2,92	
エクセルシオールカフェ 自由が丘駅前店【自由が丘駅から近い電源カフェ】,東京都目黒区自由が丘2‐11‐1,自由が丘駅正面口から徒歩1分（ロータリー沿いジェイフェイスクリヤマビル1F・2F）,"【あり】ソフトバンクWi-Fiスポット,au-Wi-Fi,docomo Wi-Fi",10口（	２階の禁煙席にある、10人がけの大テーブル。）,平日: 6:30～23:20 土日: 7:00～23:20,なし,http://sasp.mapion.co.jp/b/doutor/info/05000050/?shopmastergyokna=2101,03-5726-2576,2,92	
4uatre – キャトル【池尻大橋駅・東京都目黒区】,東京都目黒区大橋2-22-2,池尻大橋駅 西口から徒歩1分（地下1階）,【あり】お店独自のWi-Fi,10口（2名テーブル席・6名テーブル席・カウンター）,［平日］11:30〜23:00［土］14:00〜23:00［祝］18:00〜23:00,日曜日,http://4uatre.jp.2-t.jp/qWin,03-6407-0464,2,92	
From London Cafe（フロム・ロンドン・カフェ）【武蔵小山駅東京都目黒区】,東京都目黒区目黒本町4-3-14,武蔵小山駅 西口からから徒歩8分（コレクションハウス2F）,"【あり】フレッツ・スポット,ソフトバンクWi-Fiスポット,au-Wi-Fi",http://collection-house.net,11:00～26:00頃,不定休,http://collection-house.net,080-4917-7245,2,92	
エクセルシオールカフェ 自由が丘マリクレール通り店【自由が丘駅・東京都目黒区】,東京都目黒区自由が丘１‐９‐２,自由が丘駅 南口からとほ1分,【あり】ソフトバンクWi-Fiスポット,20口くらい（1F禁煙：カウンター10口くらい、2F喫煙：カウンター8口くらい＋端のテーブル2口）,7:00～23:00,なし,http://www.doutor.co.jp/shopsearch/detail/05000193.html,03-3723-8685,2,92	
スターバックスコーヒー 学芸大駅前店【学芸大学駅近くの充電スタバ】,東京都目黒区鷹番3-15-25,学芸大学駅 西口から徒歩2分,"【あり】フレッツ・スポット,ソフトバンクWi-Fiスポット,au-Wi-Fi,docomo Wi-Fi,Wi2 300,Wi2Premium,at_STARBUCKS_Wi2",4ヶ所×2口（2F東側カウンター席（8席）の席間袖面4カ所）,［平日］7:30〜22:30［土日祝］8:00〜22:30,不定休,https://www.starbucks.co.jp/store/search/detail.php?id=23,03-5722-5490,2,92	
スターバックスコーヒー 中目黒山手通り店【中目黒駅・東京都目黒区】,東京都 目黒区 上目黒3-1-3,中目黒駅から徒歩2分,"【あり】フレッツ・スポット,ソフトバンクWi-Fiスポット,au-Wi-Fi,docomo Wi-Fi,Wi2 300,Wi2Premium,at_STARBUCKS_Wi2",2口×6ヶ所（入口脇カウンター席の袖面4ヶ所と中程の柱脇カウンター席の壁面2カ所）,7:00〜22:30,不定休,http://www.starbucks.co.jp/store/search/detail.php?id=250,03-5721-9293,2,92	
エクセルシオールカフェ 都立大学駅前店【都立大学駅近くの充電カフェ】,東京都目黒区平町１‐２７‐１,都立大学駅出口から徒歩0分（駅出口目の前。パル都立大ビル１Ｆ）,【あり】ソフトバンクWi-Fiスポット,6口くらい（禁煙4口くらい、喫煙2口）（壁際の端の方（１F2口、２F4口））,［平日］06:45〜23:00［土日祝］07:00〜23:00,なし,https://sasp.mapion.co.jp/b/doutor/info/05000071/,03-5731-2751,2,92	
ジョナサン 大森駅前店【大森駅西口近くの充電ファミレス】,東京都大田区山王２丁目８−２６　東辰ビル２Ｆ,大森駅西口より徒歩2分（東辰ビル）,"【あり】au-Wi-Fi,Wi2 300,お店独自のWi-Fi",6口以上（テーブル席足元等）,24時間,なし,https://dengen-cafe.com/cqti,03-5743-6977,2,102	
カフェ・ド・クリエ 蒲田グランデュオ西館【蒲田駅近くの充電カフェ】,東京都大田区西蒲田7-68-1,蒲田駅から徒歩2分（ グランデュオ蒲田（西館）6F）,【あり】お店独自のWi-Fi,10個以上（カウンター　喫煙禁煙両方）,10:00～21:00,なし,https://dengen-cafe.com/b38h,03-5713-6274,2,102	
上島珈琲店 大森店【大森駅西口近くの電源喫茶店】,東京都大田区山王2-3-3,大森駅西口から徒歩1分（野口ビル1F）,"【あり】ソフトバンクWi-Fiスポット,au-Wi-Fi,docomo Wi-Fi",2口（カウンター席付近とトイレ付近のソファー席）,平日 7:30～22:00 / 土曜 8:00～22:00 / 日祝 8:00～21:00,なし,https://goo.gl/oSPrfq,03-5746-1868,2,102	
和カフェテリアダイニング 羽田食堂【羽田空港国際線ターミナル駅近くの電源食堂】,東京都大田区羽田空港２丁目６-５,羽田空港国際線ターミナル駅・羽田空港国際線ビル駅から徒歩3分（江戸小路の大橋近く）,"【あり】ソフトバンクWi-Fiスポット,お店独自のWi-Fi,その他",16口（手前カウンター8口、ボックス席に2口ずつ4席）,24時間営業,なし,https://goo.gl/2N3VaZ,03-6428-0690,2,102	
ルノアール 蒲田西口店【蒲田駅西口近くの充電喫茶店】,東京都大田区西蒲田8-1-7,蒲田駅南口2から徒歩1分（グランタウンビル2階）,"【あり】BBモバイルポイント,au-Wi-Fi,Wi2 300,お店独自のWi-Fi",禁煙・喫煙共に4口以上（禁煙席と喫煙席の壁側足元）,平日:7:30-23:00、土・日・祭日:8:00-23:00,なし,https://www.ginza-renoir.co.jp/shopsearch/shops/view/124,03-3735-2508,2,102	
GGG CAFE【羽田空港第2ビル駅近くの充電カフェ】,東京都大田区羽田空港３丁目４,羽田空港第2ビル駅から徒歩1分（ 第2旅客ターミナル3F ターミナルロビー15）,【あり】その他,8口以上（カウンター壁）,07:00～20:30  （L.O.20:00）,年中無休,https://goo.gl/W8L8fo,03-6428-8535,2,102	
モスカフェ 羽田空港国際線ターミナルビル店【羽田空港国際線ターミナル駅近くの充電カフェ】,東京都大田区羽田空港２丁目６-５,羽田空港国際線ターミナル駅・羽田空港国際線ビル駅から徒歩3分,"【あり】BBモバイルポイント,ソフトバンクWi-Fiスポット,docomo Wi-Fi,お店独自のWi-Fi,その他",16口（フロア中央のカウンター席腰の位置）,24時間営業,なし,https://ssl.mos.jp/shop/detail/02390/,03-5708-7521,2,102	
上島珈琲店 成城店【成城学園前駅南口近くの電源カフェ】,東京都世田谷区成城2-39-7,成城学園前駅南口から徒歩1分(すみれビル),【あり】お店独自のWi-Fi,5口くらい(3階禁煙ゾーン奥),[平日]07:00～22:00 [土日祝]07:00～22:00,なし,https://goo.gl/V6v3kS,03-5727-0039,2,112
ウェンディーズ・ファーストキッチン 用賀店【用賀駅北口近くの充電ファストフード】,東京都世田谷区用賀4-10-1,用賀駅北口から徒歩1分（世田谷ビジネススクエアB1）,【なし】,8口以上（カウンター席）,07:30～22:00 日祝/07:30～21:30 ラストオーダー21:30,年中無休,https://www.first-kitchen.co.jp/shop/map.php?shopid=19,03-5717-2074,2,112
ミスタードーナツ 成城ショップ【成城学園前駅南口近くの充電ミスド】,東京都世田谷区成城２丁目３４－１０,成城学園前駅南口から徒歩1分,【あり】docomo Wi-Fi,10口（一階、二階のカウンター席）,08:00～22:00,なし,https://dengen-cafe.com/qk3h,03-5727-0850,2,112
スターバックスコーヒー 世田谷ビジネススクエア店【用賀駅北口近くの充電スタバ】,東京都世田谷区用賀4-10-1,用賀駅北口から徒歩1分（世田谷ビジネススクエア）,"【あり】フレッツ・スポット,au-Wi-Fi,docomo Wi-Fi,Wi2 300,at_STARBUCKS_Wi2",3口（窓際のカウンター席）,月～土： 07:00～22:00 日祝： 08:00～21:00,-,https://www.starbucks.co.jp/store/search/detail.php?id=1328,03-5491-8521,2,112
ドトールコーヒー 世田谷ビジネススクエア店【用賀駅北口近くの充電カフェ】,東京都世田谷区用賀４-１０-１,用賀駅北口から徒歩1分(世田谷ビジネススクエア　ＳＢＳプラザＢ１Ｆ),【なし】,4口以上,平日・土曜日07:00～22:00、日・祝08:00～20:00,年中無休,https://dengen-cafe.com/aen0,03-5491-7122,2,112
上島珈琲店 三軒茶屋店【三軒茶屋駅南口B近くの充電喫茶店】,東京都世田谷区三軒茶屋1-37-13,三軒茶屋駅南口Bから徒歩1分（オアシス三軒茶屋ビル1F）,【あり】お店独自のWi-Fi,6口以上（禁煙・喫煙ともにテーブル席など足元に設置）,平日・土曜 7:30～22:00 / 日祝 8:00～22:00,なし,https://shop.ufs.co.jp/ufs/spot/detail?code=3650,03-5433-4505,2,112
楽天カフェ 二子玉川ライズ S.C.店【二子玉川駅東口近くの電源カフェ】,東京都世田谷区玉川1-14-1,二子玉川駅東口から徒歩4分（二子玉川ライズ・ショッピング センター・テラスマーケット 2F）,【あり】お店独自のWi-Fi,８口ぐらい（一階の一人席カウンター）,[ 平日]08:00～21:00 [土日祝]10:00～21:00 (L.O. 20:30),不定休,https://goo.gl/36wPsy,03-5717-9133,2,112
スペースオービット（space orbit）【三軒茶屋駅北口が近い電源カフェバー】,東京都世田谷区太子堂5-28-9,三軒茶屋駅三茶パティオ口か北口から徒歩8分ほど,【あり】お店独自のWi-Fi,8口（テーブル席脇）,19:00～29:00 営業時間が変動するためスケジュールでご確認ください,詳細はスケジュールを確認,https://goo.gl/dfHnK,03-3411-3810,2,112
ジョナサン 駒沢店【駒沢大学駅近くの電源ジョナ】,東京都世田谷区上馬３丁目１７-7,駒沢大学駅公園口、東口から徒歩2分（自由通り沿い）,"【あり】au-Wi-Fi,Wi2 300",20口ほど（ソファ席の下）,24時間営業,なし,https://goo.gl/1Ymnga,03-5779-3820,2,112
旅Cafe GIFT 下北沢HOME【下北沢駅・東京都世田谷区】,東京都世田谷区北沢2-18-5,下北沢駅 南口から徒歩2分（Neビル3F）,【あり】お店独自のWi-Fi,10口以上（カウンター・座敷席・テーブル席　基本どの席にも完備 ※ご要望があれば増やせます）,12:00～24:00,なし,http://tabicafe-gift.com/shimokitazawa.html,03-3413-0033,2,112
ディーンアドンデルーカ 広尾店（DEAN&DELUCA） 【広尾駅近くの充電カフェ】,東京都渋谷区広尾5-6-6,広尾駅から徒歩1分(広尾PLAZA1F),【あり】お店独自のWi-Fi,4口以上（カウンター席腰位置に設置）,8:00 - 21:00,なし,https://www.deandeluca.co.jp/shop/detail.php?shop_id=47,03-5422-9082,2,122
オリーブチキンカフェ 笹塚店（bb.q OLIVE CHICKEN cafe）【笹塚駅近くの充電カフェ】,東京都渋谷区笹塚1-56-18,笹塚駅から徒歩1分（京王クラウン街 1階）,【あり】お店独自のWi-Fi,6口（カウンター席、テーブル席）,11:00～23:00,年中無休,https://bbq-olivechickencafe-sasazuka.com/,050-5269-7769,2,122
ディーンアドンデルーカカフェ（DEAN&DELUCA） 渋谷ストリーム店【渋谷駅新南口近くの充電カフェ】,東京都渋谷区渋谷３丁目２１−３,渋谷駅新南口から徒歩3分（渋谷ストリーム2F）,"【あり】au-Wi-Fi,その他",12口（入口カウンター席腰位置）,7:00～22:00,なし,https://www.deandeluca.co.jp/shop/detail.php?shop_id=44,03-6427-3601,2,122
プレッセシブヤ（Precce Shibuya DELI MARKET）【渋谷駅新南口近くの充電イートイン】,東京都渋谷区渋谷3丁目21–3,渋谷駅新南口から徒歩2分（渋谷ストリーム2階2−14）,【なし】,10口+USB10口（フロア奥のイートインコーナー各席卓上）,7:00～23:00,なし,https://www.tokyu-store.co.jp/Portals/0/lp/precce-shibuya-jp.html,03-6419-3109,2,122
ルノアール 渋谷シオノギビル店【渋谷駅東口近くの充電喫茶店】,東京都渋谷区渋谷2-17-5,渋谷駅東口から徒歩3分（シオノギ渋谷ビル2階。ヒカリエの奥）,"【あり】BBモバイルポイント,Wi2 300,お店独自のWi-Fi",禁煙6口以上＆喫煙6口以上（壁側喫煙テーブル席足元・壁側禁煙テーブル席足元）,［平日］07:30～22:00［木金］07:30～23:00［土］08:00～23:00［日祝］09:00～21:00,なし,https://dengen-cafe.com/lk7p,03-5469-0850,2,122
セブンクローバー（7Clover）【神泉駅南口近くの充電カフェ】,東京都渋谷区南平台町１２－８,神泉駅南口から徒歩7分（+F.Square 1F）,【あり】お店独自のWi-Fi,10口くらい（窓際カウンター）,不明,不明,https://www.7clover.jp/,03-3770-7777,2,122
ドトールコーヒー 原宿店【原宿駅JR口、明治神宮前駅3近くの充電カフェ】,東京都渋谷区神宮前１‐１３‐１８,原宿駅JR口から徒歩1分、明治神宮前駅3から徒歩1分,"【あり】ソフトバンクWi-Fiスポット,au-Wi-Fi,docomo Wi-Fi",4口以上,平日・土曜日07:00〜22:00、日・祝07:00〜21:00,年中無休,https://dengen-cafe.com/j7zh,03-3478-0323,2,122
Cafe&Meal MUJI 渋谷西武【渋谷駅ハチ公口近くの充電カフェ】,東京都渋谷区宇田川町２１－１　,渋谷駅6-2番出口から徒歩3分(渋谷西武２Ｆ（無印良品内）),【なし】,10口（奥のソファー席の下）,10:00～21:00,なし,https://goo.gl/aBuZKa,03-3770-1637,2,122
上島珈琲店 渋谷３丁目店【渋谷駅新南口近くの充電喫茶店】,東京都渋谷区渋谷3-11-11,渋谷駅新南口から徒歩3分,【あり】お店独自のWi-Fi,6口程度,07:30～22:00 / 日祝 07:30～21:00,なし,https://goo.gl/mLXbWT,03-6418-4839,2,122
エクセルシオールカフェバリスタ  渋谷公園通り店【渋谷駅6-4近くの充電カフェ】,東京都渋谷区神南１‐２０‐１２,渋谷駅6-4番出口から徒歩4分（遠山ビル１Ｆ・２Ｆ）,"【あり】ソフトバンクWi-Fiスポット,au-Wi-Fi,docomo Wi-Fi",10口程度（一階禁煙カウンター、二階喫煙6口）,[平日] 08:00～22:30 [土]08:00～23:00 [日祝] 08:00～22:00,なし,https://goo.gl/Zs4DMJ,03-5728-7667,2,122
スタンドコーヒースタンド渋谷（SUNDAY COFFEE stand渋谷）【渋谷駅ハチ公口近くの充電カフェ】,東京都渋谷区道玄坂2-10-1,渋谷駅ハチ公口から徒歩3分（奈須ビル1階）,【あり】FREESPOT,4口くらい(カウンター席),【日～木・祝日】08:00～22:00 【金・土・祝前日】08:00～23:00,年中無休,https://goo.gl/wuuC7m,03-6416-0084,2,122
スターバックスコーヒー 渋谷マークシティ店【渋谷駅中央出口近くの電源カフェ】,東京都渋谷区道玄坂1-12-3,渋谷駅中央口出口から徒歩4分(渋谷マークシティイースト3F),"【あり】au-Wi-Fi,docomo Wi-Fi,Wi2 300,at_STARBUCKS_Wi2",10口(奥の窓際カウンタースペース),07:00～23:00,不定休,https://goo.gl/6NoJrS,03-3461-0739,2,122
エクセルシオールカフェ バリスタ 恵比寿ガーデンプレイスタワー【恵比寿駅東口近くの電源カフェ】,東京都渋谷区恵比寿４‐２０‐３,恵比寿駅東口から徒歩5分（恵比寿ガーデンプレイスタワー オフィスタワー1階）,"【あり】ソフトバンクWi-Fiスポット,au-Wi-Fi,docomo Wi-Fi,お店独自のWi-Fi",10個以上(テーブル席全て),[平日]07:00～22:30[土]07:30～22:30[日祝 ]07:30～22:00,なし,https://goo.gl/X4g4tn,03-5448-9446,2,122
エクセルシオールカフェ 渋谷マークシティー店【渋谷駅アベニュー口近くの電源カフェ】,東京都渋谷区道玄坂１‐１２‐５,渋谷駅 アベニュー口より直結（ 渋谷マークシティ　ウエスト４Ｆ）,"【あり】フレッツ・スポット,FREESPOT,ソフトバンクWi-Fiスポット,au-Wi-Fi,docomo Wi-Fi,Wi2 300,Wi2Premium,お店独自のWi-Fi,その他",10口（中央の大テーブル）,07:00～23:00,年中無休,https://goo.gl/njFCL7,03-5428-5460,2,122
スターバックス 渋谷公園通り店【渋谷駅13出口近くの電源スタバ】,東京都渋谷区神南1-7-5,渋谷駅13出口から徒歩8分（渋谷区役所の向かい 渋谷公園通りＪＮビル 1F）,"【あり】フレッツ・スポット,ソフトバンクWi-Fiスポット,au-Wi-Fi,docomo Wi-Fi,Wi2 300,Wi2Premium,at_STARBUCKS_Wi2",2階 12口程度(2階カウンター席),[月～金]07:00～22:00 [土日祝]07:30～22:00,不定休,https://goo.gl/9jmxg9,03-5458-2610,2,122
エクセルシオール カフェバリスタ 渋谷道玄坂店【渋谷駅ハチ公口近くの充電カフェ】,東京都渋谷区道玄坂２‐６‐１,渋谷駅ハチ公口から徒歩１分,【あり】ソフトバンクWi-Fiスポット,12口（B1 喫煙席のカウンター、２Ｆ窓際）,06:00～24:00,なし,https://goo.gl/oYt6AV,03-5428-3638,2,122
ナルーカフェ表参道（76CAFE OMOTESANDO）【表参道駅近くの電源カフェ】,東京都渋谷区神宮前4-9-2,表参道駅A2出口から徒歩3分（神宮前MMビル1階、地下1階）,【あり】お店独自のWi-Fi,40口以上（1階フロアソファ席、地下フロア40席全席）,11:00〜23:00,なし,https://tabelog.com/tokyo/A1306/A130602/13037285/,03-5786-1781,2,122
クリエーターズカフェトーキョー（Creators cafe Tokyo）【渋谷駅近くの電源カフェ】,東京都渋谷区宇田川町12-9,渋谷駅ハチ公前から徒歩6分（ジュール渋谷 7F）,【あり】お店独自のWi-Fi,10口以上（各席二口）,11:00～23:30,なし,https://www.creatorscafe.tokyo/,03-6416-1044,2,122
カフェ・ド・レペ （CAFE DE REPE）【渋谷駅南口近くの充電カフェ】,東京都渋谷区道玄坂１丁目３−３,渋谷駅 南口から徒歩2分,"【あり】FREESPOT,ソフトバンクWi-Fiスポット,お店独自のWi-Fi",10口くらい（椅子の下）,9:00～23:00,無休,https://dengen-cafe.com/qbkp,03-3464-9444,2,122
カフェドクリエ 渋谷3丁目店【渋谷駅・東京都渋谷区】,東京都渋谷区渋谷3-8-12,渋谷駅 東口から徒歩2分（渋谷第一生命ビルディング1F）,【あり】,12口以上（店舗手前、奥のカウンター席）,［平日、土］7:00〜22:00［日祝］7:00〜21:00,なし,http://www.pokkacreate.co.jp/shops/detail/36,03-3498-5080,2,122
スターバックスコーヒー（スタバ） 北参道店【北参道駅・東京都渋谷区】,東京都渋谷区千駄ケ谷3-39-9,北参道駅2出口から徒歩０分（明治通り沿いIBF-PLANNING ビル）,"【あり】フレッツ・スポット,ソフトバンクWi-Fiスポット,au-Wi-Fi,docomo Wi-Fi,Wi2 300,at_STARBUCKS_Wi2",フロア奥のカウンター席腰の位置に8口,7:30～21:00,不定休,http://www.starbucks.co.jp.2-t.jp/h1aY,03-5414-3941,2,122
ボタニカルカフェ メデテ（medete）【恵比寿駅/代官山駅/中目黒駅・東京都渋谷区】,東京都渋谷区恵比寿南３-９-３,恵比寿駅 西口から徒歩5分（地下鉄5番出口から徒歩2分）、代官山駅から徒歩8分、中目黒駅から徒歩11分,【あり】お店独自のWi-Fi,16口（カウンター4席、テーブル4席）,11:00～19:00,火曜,http://medete.jp/,03-6303-0514,2,122
楽天カフェ【渋谷駅・東京都渋谷区】,東京都渋谷区神南1-20-6,渋谷駅 ハチ公口から徒歩4分,"【あり】ソフトバンクWi-Fiスポット,au-Wi-Fi,Wi2Premium,お店独自のWi-Fi",20口以上（基本全席。カウンターは席前の壁に1席1口。壁側のテーブル席はテーブル下）,10:00～23:00,なし,http://cafe.rakuten.co.jp.2-t.jp/aSKE,03-5784-2848,2,122
エクセルシオール カフェ 渋谷宮益坂店【渋谷駅・東京都渋谷区】,東京都渋谷区渋谷１‐１４‐８,渋谷駅 宮益坂口から徒歩3分（宮益ＳＫビル１Ｆ・２Ｆ）,"【あり】ソフトバンクWi-Fiスポット,docomo Wi-Fi",18口（2F禁煙席：カウンター×8＋階段横テーブル×2、２F喫煙席：カウンター×8）,7:00〜23:00,年中無休,http://www.doutor.co.jp/shopsearch/detail/05000201.html,03-3498-1158,2,122
ヴィ・ド・フランス 中野坂上店【中野坂上駅１近くの充電カフェ】,東京都中野区本町2-46-1,中野坂上駅1番出口から徒歩1分（サンブライトツイン北棟B-101b）,"【あり】FREESPOT, ソフトバンクWi-Fiスポット, docomo Wi-Fi, お店独自のWi-Fi",2席に1口の間隔で、譲り合って、という感じ（カウンター席）,平日　07:30～21:00 日祝　08:00～20:00,なし,http://www.viedefrance.co.jp/,03-3299-2931,2,132
エクセルシオールカフェバリスタ  中野サンモール店【中野駅北口近くの充電カフェ】,東京都中野区中野５丁目５６番地７,中野駅北口から徒歩3分（中野サンモールを奥に進むとあります）,"【あり】ソフトバンクWi-Fiスポット,au-Wi-Fi,docomo Wi-Fi",4口以上（禁煙喫煙カウンター席卓上、腰位置などに設置）,平日: 06:30 - 22:30 土日祝: 07:00 - 22:30,なし,https://sasp.mapion.co.jp/b/doutor/info/05000034/,03-5318-2476,2,132
クロシェットカフェ【中野駅近くの電源カフェ】,東京都中野区中野4-3-1,中野駅北口徒歩4分,【あり】お店独自のWi-Fi,4口（カウンター以外にばらけて設置）,10:00～19:00,土曜日,https://goo.gl/qwS9fM,03-5343-5088,2,132
ドトールコーヒーショップ 中野坂上店【中野坂上駅から近い電源カフェ】,東京都中野区本町2-46-1,中野坂上駅1出口から徒歩0分,"【あり】au-Wi-Fi,docomo Wi-Fi",3口（禁煙ゾーンのカウンター席）,平日: 07:00～21:00  土曜日: 07:30～19:30  日祝: 08:00～19:30,なし,https://sasp.mapion.co.jp/b/doutor_s/info/01010541/,03-3372-3725,2,132
上島珈琲店 東中野店【東中野駅・東京都中野区】,東京都中野区東中野5-1-1,東中野駅 東口から徒歩3分（ユニゾンモール東中野1F）,"【あり】ソフトバンクWi-Fiスポット,お店独自のWi-Fi",8口（禁煙は1人用ソファ席4口／喫煙は窓側のカウンター席4口）,［平日］7:30〜21:00［土日祝］8:00〜21:00,なし,http://www.ufs.co.jp.2-t.jp/pbAY,03-5332-3335,2,132
ベックスコーヒーショップ 中野店【中野駅・東京都中野区】,東京都中野区中野五丁目31番1号　中野駅,JR中野駅改札内北口改札寄り徒歩０分,【なし】,喫煙席16個  禁煙席 16個 （カウンター）,平日6:30～22:30　土日祝6:30～22:00,なし,http://www.jefb.co.jp.2-t.jp/fIre,03-5342-5141,2,132
喫茶室ルノアール 中野南口駅前店【中野駅・東京都中野区】,東京都中野区中野3-36-15,中野駅南口から徒歩1分（ニュークリアビルB1F）,"【あり】au-Wi-Fi,livedoor Wireless,Wi2 300",6ヶ所×2口（禁煙フロアは壁面6ヶ所程(喫煙フロアは不明)）,［平日土］7:30～23:00［日祝］8:00～22:00,なし,http://standard.navitime.biz/renoir/Spot.act?dnvSpt=S0107.64,03-5340-6222,2,132
スターバックスコーヒー 中野通り店【中野駅北口近くの充電スタバ】,東京都中野区中野5-64-5,中野駅北口から徒歩1分（北口を出たら大通りを真っ直ぐ進むと右側）,"【あり】フレッツ・スポット,ソフトバンクWi-Fiスポット,au-Wi-Fi,docomo Wi-Fi,Wi2 300,at_STARBUCKS_Wi2",10口くらい（二回の中央のテーブル）,7:00～22:30,なし,http://www.starbucks.co.jp/store/search/detail.php?id=229,03-3388-2980,2,132
サンマルクカフェ 中野坂上店【東京都中野区・中野坂上駅】,東京都中野区中央2丁目5−4,中野坂上駅3番出口から徒歩2分,【なし】,5口くらい（1Fと2Fの足元に開放されている。あまり量は多くない。）,7:00～22:00,年中無休,http://www.saint-marc-hd.com/saintmarccafe/,03-5332-5309,2,132
カフェミヤマ 中野ブロードウェイ店【中野駅北口近くの充電喫茶店】,東京都中野区中野5-52-15-153,中野駅北口から徒歩3分（中野ブロードウェイ内1F）,"【あり】BBモバイルポイント,au-Wi-Fi,livedoor Wireless,お店独自のWi-Fi",禁煙4口以上＆喫煙4口以上（壁側喫煙＆禁煙テーブル席足元）,［平日］7:30～22:00［土日祝］8:00～22:00,なし,https://www.ginza-renoir.co.jp/shopsearch/shops/view/84,03-3385-7366,2,132
ルノアール 中野サンプラザ前店【中野駅北口近くの充電喫茶店】,東京都中野区中野5-67-5,中野駅北口から徒歩3分（長谷部ビル2階）,"【あり】BBモバイルポイント,au-Wi-Fi,Wi2 300,お店独自のWi-Fi",禁煙・喫煙共に4口以上（禁煙席と喫煙席の壁側足元）,8:00～22:00,なし,https://www.ginza-renoir.co.jp/shopsearch/shops/view/98,03-3388-2477,2,132
ドトールコーヒー 南阿佐ヶ谷駅前店【南阿佐ヶ谷駅1近くの充電カフェ】,東京都杉並区成田東５-４２-１３,南阿佐ヶ谷駅1から徒歩1分,"【あり】au-Wi-Fi,docomo Wi-Fi",4口以上,平日: 07:30～21:00、土曜日: 08:00～21:00、日・祝: 08:00～20:00,年中無休,https://dengen-cafe.com/pt1m,03-3392-2828,2,142
BREWBOOKS【西荻窪駅南口近くの充電カフェ】,東京都杉並区西荻南３−４−５,西荻窪駅南口より徒歩4分,【あり】お店独自のWi-Fi,8口（2階席に設置）,平日12:00～22:00 土11:00～22:00 日祝11:00～21:00,毎週月曜 第2火曜、第4火曜,https://brewbooks.net/?page_id=529,非公開,2,142
ジョナサン 浜田山店【浜田山駅近くの充電ファミレス】,東京都杉並区浜田山３丁目２８−１６,浜田山駅より徒歩3分,"【あり】au-Wi-Fi,Wi2 300,お店独自のWi-Fi",6口以上（テーブル席足元等）,24時間,なし,https://dengen-cafe.com/yv5g,03-5378-7183,2,142
プロント ビーンズ阿佐ヶ谷店【阿佐ヶ谷駅近くの充電カフェ】,東京都杉並区阿佐谷南3-36-1,阿佐ヶ谷駅改札から徒歩0分（改札を出て見上げる目の前に。Dila阿佐ヶ谷2F）,"【あり】フレッツ・スポット,docomo Wi-Fi,お店独自のWi-Fi",8口（窓側禁煙カウンター席卓上）,平日：07:30～23:00  土日祝：08:00～22:00,年中無休,https://goo.gl/C1hzqD,03-5327-3277,2,142
むさしの森珈琲 杉並井草店【井荻駅北口近くの充電喫茶店】,東京都杉並区井草3-19-16,井荻駅北口から徒歩4分,【不明】,10個くらい（道路側のカウンター席にあります。）,07:00～23:00 (L.O.22:00),不明,https://goo.gl/Svc1f8,03-5382-7286,2,142
カフェ プロセニアム【高円寺駅南口近くの電源カフェ】,東京都杉並区高円寺南３丁目４６,高円寺駅南口から徒歩３分,【あり】FREESPOT,20口ほど（全席）,11:00～23:00,不明,https://cafe-proscenium.shopinfo.jp/pages/1362525/page_201710202255,03-6383-2813,2,142
ガスト 荻窪南口店【荻窪駅南口近くの充電ファミレス】,東京都杉並区荻窪５丁目２８−１３　宇田川ビル２Ｆ,荻窪駅南口から徒歩1分（商店街に入ったらすぐ）,"【あり】au-Wi-Fi,Wi2 300,その他",4口（窓際カウンター席）,8:00〜26:00,なし,https://dengen-cafe.com/natu,03-5335-5638,2,142
ALOHA LOCO CAFE（アロハロコカフェ）【西荻窪駅・東京都杉並区】,東京都杉並区西荻北３−２５−１,西荻窪駅 北口から徒歩3分,"【あり】UQ Wi-Fi,ソフトバンクWi-Fiスポット,au-Wi-Fi,Wi2 300,Wi2Premium,お店独自のWi-Fi",20口くらい（全席近辺　壁沿い）,11:30〜23:30,月曜日,http://bunbmond.com/fb2garden/,080-4817-3715,2,142
スターバックス 阿佐ヶ谷駅前店【阿佐ヶ谷駅・東京都杉並区】,東京都杉並区阿佐谷南３丁目５８−１,阿佐ヶ谷駅直結,"【あり】フレッツ・スポット,ソフトバンクWi-Fiスポット,au-Wi-Fi,docomo Wi-Fi,Wi2 300,at_STARBUCKS_Wi2",10口くらい（1f 駅側カウンター）,7:00～22:30,不定休,http://www.starbucks.co.jp.2-t.jp/bXWz,03-5327-6095,2,142
スターバックスコーヒー ルミネ荻窪店【荻窪駅北口近くの充電スタバ】,東京都杉並区上荻1-7-1,荻窪駅直結（ルミネ荻窪店1F北西端）,"【あり】フレッツ・スポット,ソフトバンクWi-Fiスポット,au-Wi-Fi,docomo Wi-Fi,Wi2 300,at_STARBUCKS_Wi2",2口×2ヶ所（北側窓際のカウンター席(4席)の袖面2ヶ所）,7:00〜22:00,不定休(ルミネ荻窪休館日に依存),https://www.starbucks.co.jp/store/search/detail.php?id=783,03-5347-2825,2,142
サンマルクカフェ 荻窪南口店【荻窪駅・東京都杉並区】,東京都杉並区荻窪5-27-8,荻窪駅 西口もしくは南口から徒歩1分（荻窪タイガープラザ3ビル1F）,【なし】,禁煙席で7~8口ほど（壁際のスタンドライトが置かれている場所付近）,7:00～22:00,なし,http://www.saint-marc-hd.com/cafe/,03-5347-3309,2,142
タリーズコーヒー 阿佐ヶ谷ダイヤ街店【阿佐ヶ谷駅・東京都杉並区】,東京都杉並区阿佐谷南３丁目５５−１,阿佐ヶ谷駅から徒歩1分,【あり】お店独自のWi-Fi,10〜13ほど（中央のテーブル席(10口)と支柱付近の3箇所+喫煙席(口数不明)）,10:00-22:00,不定休,http://www.tullys.co.jp.2-t.jp/bbY8,03-5327-5307,2,142
ドトールコーヒー 目白駅前店【目白駅近くの充電カフェ】,東京都豊島区目白３‐１４‐３,目白駅から徒歩1分(グロワルビル),"【あり】ソフトバンクWi-Fiスポット,au-Wi-Fi,docomo Wi-Fi",４口以上,平日: 06:45～21:00、土・日・祝: 07:00～21:00,年中無休,https://dengen-cafe.com/nhd3,03-5996-7938,2,152
プロント 目白店【目白駅近くの充電カフェ】,東京都豊島区目白2-39-1,目白駅から徒歩1分（TRAD目白1F）,【あり】その他,10口（禁煙フロア中央カウンター席卓上）,08:00～22:00（貸し切りをしているときもある）,施設に準ずる,https://dengen-cafe.com/syw7,03-5985-2145,2,152
ジョナサン 西池袋店【池袋駅近くの充電ファミレス】,東京都豊島区西池袋１丁目１７−６　池袋西口センタービル,池袋駅より徒歩１分（池袋西口センタービル）,"【あり】au-Wi-Fi,Wi2 300,お店独自のWi-Fi",6口以上（テーブル席足元等）,06:30〜29:00,なし,https://dengen-cafe.com/963b,03-3985-4322,2,152
プロント(PRONTO)  エキア池袋店【池袋駅北口近くの充電カフェバー】,東京都豊島区西池袋１－1－２１,池袋駅北口から徒歩1分（東武池袋駅構内）,"【あり】フレッツ・スポット,お店独自のWi-Fi,その他",4口（フロア奥のテーブル6人席の卓上）,07:00～23:00,無休,https://dengen-cafe.com/ogw7,03-5957-5778,2,152
スターバックスコーヒー 池袋ショッピングパーク北館店【池袋駅東口近くの充電スタバ】,東京都豊島区南池袋1-29-1,池袋駅東口から徒歩1分（池袋ショッピングパーク）,"【あり】フレッツ・スポット,ソフトバンクWi-Fiスポット,au-Wi-Fi,docomo Wi-Fi,Wi2 300,at_STARBUCKS_Wi2",6口（窓側カウンター席腰位置）,7:00～22:00,不定休,https://www.starbucks.co.jp/store/search/detail.php?id=1533,03-5396-7438,2,152
ドトールコーヒー 池袋６０階通り店【池袋駅東口近くの充電カフェ】,東京都豊島区東池袋１-１３-６,池袋駅東口から徒歩4分(池袋ロクマルビル２F),"【あり】au-Wi-Fi,docomo Wi-Fi",4口以上,平日07:00〜22:00、土・日・祝08:00〜22:00,年中無休,https://dengen-cafe.com/btdd,03-3982-3800,2,152
エクセルシオールカフェ  池袋二丁目店【池袋駅西口近くの充電カフェ】,東京都豊島区池袋２‐１‐１,池袋駅西口から徒歩4分、C6出口から徒歩0分（杉山ビル１Ｆ。西口五差路にあります）,"【あり】ソフトバンクWi-Fiスポット,au-Wi-Fi,docomo Wi-Fi",4口以上（禁煙カウンター席卓上、腰位置などに設置）,平　日: 06:45 - 23:00 土曜日: 07:00 - 23:00 日　祝: 07:00 - 22:00,なし,https://sasp.mapion.co.jp/b/doutor/info/05000024/,03-5979-1541,2,152
セガフレード・ザネッティ・エスプレッソ サンシャインシティ店【東池袋駅2近くの充電カフェ】,東京都豊島区東池袋 3-1-1,（サンシャインシティ専門店街アルパ B1）,"【あり】フレッツ・スポット,FREESPOT,ソフトバンクWi-Fiスポット,au-Wi-Fi,docomo Wi-Fi,その他",12口(カウンター席卓上),平　日 07:30～22:00 土・日・祝 08:30～22:00,年中無休,https://dengen-cafe.com/xn2g,03-6912-7202,2,152
グローカルカフェ 池袋（GLOCAL CAFE IKEBUKURO）【東池袋駅2近くの充電カフェ】,東京都豊島区東池袋3-1-1,東池袋駅2番出口より徒歩3分（サンシャインシティアルパ1F）,"【あり】お店独自のWi-Fi,その他",18口以上（テーブル席足元、カウンター）,平日07:30～22:00 土日祝　08:30～22:00,年中無休,https://dengen-cafe.com/doqr,03-6912-8550,2,152
ドトールコーヒー 要町店【要町駅1近くの充電カフェ】,東京都豊島区要町１-９-３,要町駅1番出口から徒歩0分,"【あり】au-Wi-Fi,docomo Wi-Fi",6口,07:00～21:00  日祝: 07:00～20:00,なし,https://sasp.mapion.co.jp/b/doutor_s/info/01012087/,03-5995-9876,2,152
ドトールコーヒー ルミネ池袋店【池袋駅西口近くの充電カフェ】,東京都豊島区西池袋１-１１-１,池袋駅南口から徒歩1分(ルミネ池袋店Ｂ１Ｆ),"【あり】au-Wi-Fi,docomo Wi-Fi",4口以上（カウンター席）,平日06:30〜22:30、土曜日07:00〜22:30、日・祝07:30〜22:30,年中無休,https://dengen-cafe.com/v2c5,03-3984-9060,2,152
ファーストキッチン・ウェンディーズ 池袋北口店【池袋駅北口近くの充電カフェ】,東京都豊島区西池袋1-26-4,池袋駅北口から徒歩1分,"【あり】ソフトバンクWi-Fiスポット,au-Wi-Fi,docomo Wi-Fi,Wi2 300,Wi2Premium,その他",1F4口・2F14口・3F15口（1F入口カウンター席卓上に4口、2F禁煙カウンター席卓上14口、3F禁煙カウンター席卓上8口、喫煙カウンター席卓上に7口）,7:00～22:00,なし,https://wendys-firstkitchen.co.jp/shop/map.php?shopid=24,03-5911-7721,2,152
カフェベローチェ 東池袋一丁目店【池袋駅東口近くの充電カフェ】,東京都豊島区東池袋1-19-10,池袋駅東口から徒歩4分（豊島区役所跡地の向かい）,"【あり】ソフトバンクWi-Fiスポット,docomo Wi-Fi,お店独自のWi-Fi",禁煙10口、喫煙6口（それぞれ禁煙フロア中央カウンター卓上と喫煙カウンター卓上）,7:00～22:00,なし,https://chatnoir-company.com/chatnoir/ShopSearch?shop_code=278,03-3987-1307,2,152
エディズブレッドカフェ 池袋店【池袋駅東口近くの電源カフェ】,東京都豊島区南池袋1-28-2,池袋駅構内徒歩0分（JR池袋構内中央口近く）,"【あり】フレッツ・スポット,ソフトバンクWi-Fiスポット,au-Wi-Fi","禁煙席30,喫煙席15程度（中央カウンター、喫煙席）",[月～金] 7:00～22:00 [土・日・祝] 7:30～21:00,不定休,https://goo.gl/fT9S89,03-3981-3581,2,152
イタリアントマトカフェジュニア 池袋西口店【池袋駅西口近くの電源カフェ】,東京都豊島区西池袋1-10-1,池袋駅メトロポリタン口から徒歩1分（ルミネの向かいにあります）,"【あり】docomo Wi-Fi,Wi2Premium",34口（禁煙カウンター18口、喫煙カウンター16口）,平日7:00～23:00・土日祝7:30～23：00,なし,https://www.italiantomato.co.jp/store/it004/,03-3988-2006,2,152
上島珈琲店 巣鴨店【巣鴨駅・東京都豊島区】,東京都豊島区巣鴨2−1−2,巣鴨駅 北口からすぐ（ガストの裏）,【あり】お店独自のWi-Fi,5口くらい（1階のカウンター 、2階の喫煙のカウンター）,［平日］7:00～22:00［土日祝］7:30～22:00,なし,https://shop.ufs.co.jp/ufs/spot/detail?code=3644,03-5907-4017,2,152
喫茶室ルノアール 東池袋1丁目店【池袋駅東口近くの電源喫茶店】,東京都豊島区東池袋1-15-2,池袋駅東口から徒歩４分（サンシャイン通りから一本裏に入った通り沿いにあります。音羽ビル1F）,"【あり】au-Wi-Fi,Wi2Premium,お店独自のWi-Fi",禁煙喫煙に8口以上ずつ,平日土曜日：7：30-23：30 日祭日：8：00-23：00,なし,http://standard.navitime.biz.2-t.jp/gcyr,03-3986-8555,2,152
BAGEL&BAGEL エキュート赤羽店【赤羽駅ナカにある充電カフェ】,東京都北区赤羽1-1-1 JR,赤羽駅 北改札口内,【あり】docomo Wi-Fi,6口（窓側カウンター席卓上に2口+USB1口が3セット）,月～土06:30～22:00 日祝06:30～21:00,なし,https://goo.gl/iC14hG,03-3598-0012,2,162
ベックスコーヒーショップ エキュート赤羽店【赤羽駅ナカにある充電カフェ】,東京都北区赤羽1-1-1,赤羽駅改札内（エキュート赤羽 ）,【あり】au-Wi-Fi,10口（禁煙レジ前カウンター席卓上に6口、喫煙カウンター席卓上4口）,06:30～23:00　,なし,https://goo.gl/RwA1Zp,03-3903-5121,2,162
Tokyo Guest House Ouji Music Lounge【王子駅北口が近い充電カフェラウンジ】,東京都北区滝野川2-4-17,王子駅北口から徒歩3分（坂を上がりきったホテルあすかの並び。音無橋交差点）,【あり】お店独自のWi-Fi,15口ほど（客席全般）,11：00～23：00,なし,https://www.facebook.com/tokyoguesthouseouji/,03-6903-7256,2,162
トゥモロー（友路有）赤羽本店【赤羽駅東口近くの電源カフェ】,東京都北区赤羽1-1-5,赤羽駅東口から徒歩１分(大竹ビル 2Ｆ),【あり】その他,10口以上(座席そば),05:30～23:00,年中無休,https://goo.gl/kTVyHR,03-3903-5577,2,162
カフェドクリエ ビーンズ赤羽店【赤羽駅西口から近い電源カフェ】,東京都北区赤羽1-1-1,赤羽駅北改札から徒歩3分（ビーンズ赤羽内のクリエ）,"【あり】ソフトバンクWi-Fiスポット,au-Wi-Fi,docomo Wi-Fi",11口（禁煙カウンター腰位置に3口+奥壁ソファ足元に4口、喫煙カウンター腰位置に4口）,[平　日] 8:00～22:00 [土日祝]8:00～21:00,なし,http://www.pokkacreate.co.jp/shops/detail/76,03-5939-6638,2,162
ドトールコーヒーショップ ビーンズ赤羽店【赤羽駅西口近くの電源カフェ】,東京都北区赤羽１-１-１,赤羽駅西口から徒歩2分（ビーンズ赤羽内のドトール）,"【あり】ソフトバンクWi-Fiスポット,au-Wi-Fi,docomo Wi-Fi,Wi2Premium",12口（禁煙フロア中央カウンター卓上）,平日土曜日: 07:30～22:00 日　祝: 08:00～21:00,なし,http://sasp.mapion.co.jp/b/doutor/info/01011001/,03-5963-3380,2,162
エ・プロント（E PRONTO） 東十条店【東十条駅・東京都北区】,東京都北区東十条3-15-10,東十条駅北口から徒歩3分（商店街を駅を背に歩いていくと右側に見えてきます。BOX1ビル）,"【あり】フレッツ・スポット,ソフトバンクWi-Fiスポット,docomo Wi-Fi",禁煙カウンター卓上3口,平日：7:00～23:00  土日祝：8:00～23:00,なし,http://www.pronto.co.jp.2-t.jp/beYP,03-5902-7601,2,162
スターバックスコーヒー 赤羽駅前店【赤羽駅・東京都北区】,東京都 北区 赤羽1-1-1,赤羽駅 東口から徒歩30秒（赤羽駅ショッピングセンター アルカード赤羽2）,"【あり】フレッツ・スポット,ソフトバンクWi-Fiスポット,au-Wi-Fi,docomo Wi-Fi,Wi2 300,at_STARBUCKS_Wi2",4ヶ所×2口（裏入口近くの大テーブル(8席)の袖面4ヶ所）,［平日］7:00〜22:30［土日祝］8:00〜22:30,アルカード赤羽2休館日に依存,http://www.starbucks.co.jp/store/search/detail.php?id=118,03-3598-0121,2,162
プロント ホテルメッツ田端店【田端駅近くの充電カフェバー】,東京都北区東田端1-17-20,田端駅より徒歩3分,"【あり】フレッツ・スポット,ソフトバンクWi-Fiスポット,au-Wi-Fi,docomo Wi-Fi,お店独自のWi-Fi,その他",10口以上（禁煙席のカウンターとテーブル席足元）＋喫煙約４口（壁側テーブル席足元）,6:30~23:00(日祝は22:00),年中無休,https://www.pronto.co.jp/shop/detail?shopid=0X00299815,03-5855-7855,2,162
スターバックスコーヒー 王子駅前店【王子駅北口近くの充電スタバ】,東京都北区王子1-9-5,王子駅北口から徒歩1分（京徳ビルの1F）,【なし】,10口くらい（窓際カウンター及びレジ前カウンター）,月～金： 07:00～22:00、土日祝： 08:00～22:00,不定休,https://www.starbucks.co.jp/store/search/detail.php?id=191,03-3911-7891,2,162
UCCカフェプラザ 荒川区町屋店【町屋駅近くの充電カフェ】,東京都荒川区町屋2-2-20斎藤ビル1F,町屋駅、町屋駅前駅1から徒歩2分,"【あり】ソフトバンクWi-Fiスポット,au-Wi-Fi,docomo Wi-Fi",4口以上（コンセントの場所は店員さんにお尋ねください）,平日 7:30～20:00 / 土日祝 7:30～20:00,なし,https://shop.ufs.co.jp/ufs/spot/detail?code=345,03-5692-5188,2,172
エクセルシオー カフェ 日暮里店【日暮里駅・東京都荒川区】,東京都荒川区西日暮里２‐１９‐６,日暮里駅 東口から徒歩2分,"【あり】ソフトバンクWi-Fiスポット,au-Wi-Fi,docomo Wi-Fi,Wi2Premium",4口（2F喫煙席：禁煙席は未確認）,7:00～23:00,なし,http://www.doutor.co.jp/shopsearch/detail/05000038.html,03-3803-0373,2,172
ドトールコーヒーショップ 町屋駅前店【町屋駅・東京都荒川区】,東京都荒川区荒川７−５０−９,町屋駅から徒歩2分（センター町屋１Ｆ）,"【あり】ソフトバンクWi-Fiスポット,au-Wi-Fi",15口ぐらい（手前と奥）,［平日・土］7:00～21:00［日祝］7:00～20:00,なし,https://www.doutor.co.jp/shopsearch/detail/01011850.html,03-3892-2420,2,172
ルノアール 西日暮里第一店【西日暮里駅・東京都荒川区】,東京都荒川区西日暮里5-23-6,西日暮里駅の東口からすぐ（ホワイトハウス2階）,"【あり】BBモバイルポイント,au-Wi-Fi,Wi2Premium",禁煙8口以上＆喫煙8口以上（壁側喫煙テーブル席足元・壁側禁煙テーブル席足元）,［平日土］7:30～23:00/［日祝］8:00～23:00,なし,http://standard.navitime.biz.2-t.jp/d2ct,03-3801-2230,2,172
ルノアール 日暮里東口店【日暮里駅・東京都荒川区】,東京都荒川区東日暮里5-51-11,日暮里駅東口から徒歩1分（東口ロータリーから見えます。静屋ビル2階）,"【あり】BBモバイルポイント,livedoor Wireless",禁煙6口以上＆喫煙6口以上（壁側喫煙テーブル席足元・壁側禁煙テーブル席足元）,［平日］7:30～23:00［土日祝］8:00～23:00,なし,http://standard.navitime.biz/renoir/Spot.act?dnvSpt=S0107.83&cateCd=,03-3802-2316,2,172
タリーズコーヒー 日暮里店 【日暮里駅東口・京成日暮里駅近くの充電カフェ】,東京都荒川区西日暮里2-25-1,日暮里駅東口より徒歩1分（駅連結のステーションガーデンタワー1F）,【あり】BBモバイルポイント,4口（1F禁煙の窓側カウンター席）,8:00～22:00,なし,https://dengen-cafe.com/ojom,03-5604-3052,2,172
モリバコーヒー 板橋仲宿店【板橋区役所前駅A1近くの充電カフェ】,東京都板橋区仲宿56-16,板橋区役所前駅A1出口から徒歩4分（日神パレステ-ジ板橋仲宿1F）,【あり】ソフトバンクWi-Fiスポット,禁煙4口・喫煙2口（禁煙フロア入口横テーブル席と奥壁側テーブル席足元に合計4口、喫煙フロア中央テーブル足元にも2口）,平日 6:45～22:00  土 7:00～22:00 日祝 7:00～21:30,なし,https://maps.morivacoffee.com/jp/detail/4660.html,0120-070-140,2,182
イタリアントマトカフェジュニア大山店【大山駅南口近くの充電カフェ】,東京都板橋区大山町30-15,大山駅南口から徒歩3分（竹屋ビル1F）,"【あり】フレッツ・スポット,FREESPOT,ソフトバンクWi-Fiスポット,docomo Wi-Fi",5口(入口レジ前カウンター席卓上),08:00～21:00,年中無休,https://dengen-cafe.com/8ou2,03-5986-1135,2,182
ドトールコーヒー 上板橋南口店【上板橋駅南口近くの充電カフェ】,東京都板橋区上板橋２‐３６‐８,上板橋駅南口から徒歩1分,"【あり】au-Wi-Fi,docomo Wi-Fi",4口以上,[平日]07:30～21:00 [土日祝]08:00～20:00,なし,https://goo.gl/QaVjpx,03-3932-8751,2,182
CAFE DI ESPRESSO 珈琲館 成増店【成増駅南口近くの充電カフェ】,東京都板橋区成増2-20-1,成増駅南口から徒歩1分,【不明】,5口（二階喫煙3口、一階禁煙2口）,07:30～21:00,なし,https://goo.gl/ZehfQS,03-3930-1754,2,182
コメダ珈琲 成増駅前店【成増駅・東京都板橋区】,東京都板橋区成増2-15-18,成増駅 南口から徒歩1分（成増プライム2階）,"【あり】ソフトバンクWi-Fiスポット,docomo Wi-Fi,その他",15口くらい（カウンター席、テーブル席の壁に設置）,7:00〜23:00,なし,http://www.komeda.co.jp/search/shopdetail.php?id=703,03-6915-6266,2,182
タリーズコーヒー イオンスタイル板橋前野町店【東京都板橋区】,東京都板橋区前野町4-21-22,最寄駅はありませんが志村坂上駅から徒歩３０分ほど（イオンスタイル板橋前野町 1F ラ・フォリア マルシェダイニング内にあります）,"【あり】au-Wi-Fi,Wi2Premium,お店独自のWi-Fi",禁煙カウンター腰位置に8口あります（＋USBポートが合計４つ）,9:00～22:00,不定休（イオンスタイル板橋前野町に準ずる）,http://tabelog.com.2-t.jp/tbDu,03-5939-8955,2,182
カフェ・ド・クリエ 健康長寿医療センター店【大山駅南口が近い電源カフェ】,東京都板橋区栄町35-2,大山駅南口から徒歩3分（東京都健康長寿医療センター内）,"【あり】ソフトバンクWi-Fiスポット,docomo Wi-Fi",全部禁煙カウンター席卓上に合計14口,[平　日] 7：00～20：00 [土日祝] (土)7：00～20：00 (日/祝)8：00～20：00,なし,https://goo.gl/paf9HX,03-6905-7181,2,182
ドトールコーヒー 豊島園駅前店【豊島園駅西武出口近くの充電カフェ】,東京都練馬区練馬４-１５-１１,豊島園駅西武出口から徒歩1分,【なし】,4口以上,平日07:00～21:00、土曜日07:30～20:00、日・祝08:00～20:00,年中無休,https://dengen-cafe.com/5i3r,03-3993-1568,2,192
コメダ珈琲店 大泉学園店【大泉学園駅北口近くの電源カフェ】,東京都練馬区東大泉1丁目20-24,大泉学園駅北口から徒歩3分（見蔵ビル2F）,"【あり】docomo Wi-Fi,お店独自のWi-Fi",34口（禁煙24口、喫煙12口。カウンターなど色々な場所）,07:00〜23:00,なし ※年末年始は変則,https://goo.gl/c3Vvcb,03-6904-4770,2,192
シャノアール 中村橋店【中村橋駅近くの電源喫茶店】,東京都練馬区中村北3-23-5,中村橋駅から徒歩0分（シュウカワグチ中村橋駅前ビル2F）,"【あり】ソフトバンクWi-Fiスポット,お店独自のWi-Fi",3口（お店入ってすぐのカウンター席）,7:00～22:00,なし,https://chatnoir-company.com/chatnoir/ShopSearch?shop_code=070,03-3825-4217,2,192
ドトールコーヒーショップ 石神井公園店【石神井公園駅南口近くの電源カフェ】,東京都練馬区石神井町３-２０-１５,石神井公園駅南口から徒歩 1分（ アジュールビル１Ｆ・２Ｆ）,【なし】,8個(一階カウンター席8席についてます。),[平日]07:30～21:00 [土日祝]08:00～21:00,なし,https://goo.gl/b7BDfb,03-5372-5351,2,192
スターバックスコーヒー 大泉学園ゆめりあフェンテ店【大泉学園駅から近い電源スタバ】,東京都練馬区東大泉5-43-1,大泉学園駅南口から徒歩1分（ゆめりあフェンテA館2F）,"【あり】フレッツ・スポット,ソフトバンクWi-Fiスポット,au-Wi-Fi,docomo Wi-Fi,Wi2 300,at_STARBUCKS_Wi2",8口（カウンター席）,7:00～22:00,不定休,https://www.starbucks.co.jp/store/search/detail.php?id=0387,03-5933-0261,2,192
タリーズコーヒー グランエミオ大泉学園店【大泉学園駅から近い電源カフェ】,東京都練馬区東大泉1-28-1,大泉学園駅北口から徒歩2分（グランエミオ大泉学園店内）,【あり】お店独自のWi-Fi,9口（レジ近くのカウンター、喫煙コーナー(仕切られ部屋になっています)近くのカウンター3席。）,7:00-22:00,なし,https://map.tullys.co.jp/tullys/detailMap?account=tullys&accmd=0&bid=759,03-6904-6035,2,192
E PRONTO（エ・プロント） エミオ石神井公園店【石神井公園駅が近い電源カフェ】,東京都練馬区石神井町3-23-5,石神井公園駅 Emio内,【不明】,8口ほど（中央、大柱の一面のカウンター席、および、窓際カウンター席。）,平日7:00 ～ 23:00  土8:00 ～ 22:00 日祝8:00 ～ 22:00,無休,https://goo.gl/Hvhka7,03-5923-1566,2,192
ドトールコーヒーショップ 練馬西口店【練馬駅西口近くの充電マック】,東京都練馬区練馬１-５-６,練馬駅西口から徒歩１分（千川通り沿い。クリスタルビル1F）,"【あり】ソフトバンクWi-Fiスポット,au-Wi-Fi,docomo Wi-Fi,Wi2Premium",4口（禁煙カウンター✕4口）,平日07:00 - 21:30 土日祝: 07:30 - 21:00,なし,https://sasp.mapion.co.jp/b/doutor/info/01011960/,03-5999-4171,2,192
タリーズコーヒー 江古田店【江古田駅南口近くの充電カフェ】,東京都練馬区旭丘1-79-3,江古田駅南口から徒歩1分,【あり】お店独自のWi-Fi,約10口（カウンターテーブル）,［平日］07:30～21:30［土日祝］08:00～21:00,なし,http://www.tullys.co.jp.2-t.jp/tj8z,03-5988-7588,2,192
CAFE DI ESPRESSO 珈琲館 綾瀬駅前店【綾瀬駅西口近くの充電カフェ】,東京都足立区綾瀬4-7-1,綾瀬駅西口から徒歩1分,【あり】,-,07:00～21:00  [日祝]08:00～21:00,なし,https://goo.gl/KBb46w,03-5697-7033,2,202
タリーズコーヒー 綾瀬駅前店【綾瀬駅西口が近い電源カフェ】,東京都足立区綾瀬3丁目1−2,綾瀬駅西口から徒歩0分（東急ストア店内）,【あり】お店独自のWi-Fi,10口（レジ、ドリンク受け渡し口の向かい、窓側のカウンター席）,8:00～22:00,なし,https://goo.gl/5FfCHT,03-5849-5550,2,202
プロント（PRONTO） 西新井駅店【西新井駅近くの電源プロント】,東京都足立区西新井栄町2-1-1,西新井駅から徒歩1分（駅直結TSUTAYA内）,"【あり】ソフトバンクWi-Fiスポット,お店独自のWi-Fi",30口（ほぼすべての席にあります）,7:00～23:00,なし,http://www.pronto.co.jp/shop/detail?shopid=PR00000062,03-5845-5256,2,202
コメダ珈琲店 北千住本町センター通り店【北千住駅近くの電源喫茶店】,東京都足立区千住２丁目２−４３ 染野ビル2階,北千住駅西口から徒歩4分,"【あり】ソフトバンクWi-Fiスポット,docomo Wi-Fi,お店独自のWi-Fi",15口ほど（一部のテーブル席）,07:00〜23:00,なし,https://goo.gl/tbo9k9,03-6806-1972,2,202
PRONTO（プロント） 北千住駅店【北千住駅・東京都足立区】,東京都足立区千住旭町42-1,北千住駅構内2F,"【あり】フレッツ・スポット,ソフトバンクWi-Fiスポット,au-Wi-Fi,docomo Wi-Fi",10口以上（ほとんどの席にある）,7:00～23:00,なし,http://www.pronto.co.jp.2-t.jp/bf6K,03-3882-1788,2,202
サンマルクカフェ 北千住東口店【北千住駅近くの充電カフェ】,東京都足立区千住旭町3-7,北千住駅 東口徒歩1分,"【あり】ソフトバンクWi-Fiスポット,au-Wi-Fi,docomo Wi-Fi,Wi2Premium",6口（一階禁煙席の一番手前と一番奥と、二階喫煙席の階段近く）,7:00〜21:30,年中無休,http://r.gnavi.co.jp/gab0724/,03-5284-1309,2,202
ドトールコーヒーショップ 竹の塚店【竹ノ塚駅・東京都足立区】,東京都足立区竹の塚６－８－４,竹ノ塚駅 出入口1番から徒歩3分,【なし】,7口くらい（入り口はいって左側の壁際席）,［平日］7:30～21:30［土日祝］8:00～21:00,なし,http://www.doutor.co.jp/shopsearch/detail/01011889.html,03-3859-9560,2,202
スターバックス 東武北千住駅店【北千住駅・東京都足立区】,東京都足立区千住旭町42-1,東武 北千住駅 コンコース内,"【あり】フレッツ・スポット,ソフトバンクWi-Fiスポット,au-Wi-Fi,docomo Wi-Fi,Wi2 300,at_STARBUCKS_Wi2",2口×5個くらい（入口のところL字型カウンター席）,7:00～23:00,年中無休,http://www.starbucks.co.jp/store/search/detail.php?id=562,03-5813-5051,2,202
ルノアール 新小岩店【新小岩駅近くの充電喫茶店】,東京都葛飾区西新小岩1-2-11,新小岩駅北口から徒歩約0分,"【あり】BBモバイルポイント,au-Wi-Fi,Wi2Premium,お店独自のWi-Fi",10口以上（テーブル席足元に設置）,07:00～22:00,なし,https://www.ginza-renoir.co.jp/shopsearch/shops/view/505,03-3696-3641,2,212
珈琲館 イトーヨーカドー四つ木店【四つ木駅近くの充電喫茶店】,東京都葛飾区四つ木2-21-1,四ツ木駅より徒歩11分(イトーヨーカドー四つ木店),【なし】,4口以上（テーブル席足元等）,10:00〜20:30 （土日祝 09:00〜20:30）,なし,https://www.kohikan.jp/,03-6657-7134,2,212
コメダ珈琲店 亀有駅前店【亀有駅から近い電源カフェ】,東京都葛飾区亀有3-25-1,亀有駅北口から徒歩1分,【あり】docomo Wi-Fi,5～10口ほど（喫煙席に口数が多く、競争率は比較的低めな印象。）,7:00〜23:00,なし,http://www.komeda.co.jp/search/shopdetail.php?id=802,03-5849-3637,2,212
サブウェイ ユアエルム青戸店【青砥駅から近い電源カフェ】,東京都葛飾区青戸3-36-1,青砥駅から徒歩0分（駅施設内にあります）,【不明】,3口ほど（カウンター席）,10:00〜20:00,不定休,https://www.subway.co.jp/shops/kanto/tokyo/tokyo23/katsushika-ku/shop1891/index.html,03-6662-6246,2,212
上島珈琲店 アリオ亀有店【亀有駅・東京都葛飾区】,東京都葛飾区亀有3-49-3,亀有駅 南口から徒歩5分（アリオ亀有2F）,"【あり】フレッツ・スポット,au-Wi-Fi,docomo Wi-Fi,Wi2Premium,その他",8口（中央カウンター席）,10:00〜21:00,不定休,http://www.ufs.co.jp/shop-search/ueshima-coffee-ten/shop_id/701,03-6231-2870,2,212
コメダ珈琲店 葛飾東水元店【東京都葛飾区】,東京都葛飾区東水元3-8-2,金町駅から徒歩26分,"【あり】ソフトバンクWi-Fiスポット,au-Wi-Fi,Wi2 300,Wi2Premium",8口以上（禁煙のテーブル各席×2口・喫煙の場所は不明）,7:00〜23:00,年中無休,http://www.komeda.co.jp/shoplist/tokyo/tokyo/TO0458.html?search=1,03-5876-3988,2,212
ドトールコーヒーショップ 金町北口店【金町駅・東京都葛飾区】,東京都葛飾区東金町1丁目22-8,金町駅 北口から徒歩30秒,【なし】,15席×1口（1F東側窓際階段下のカウンター席(2席)、2F南側カウンター席(13席？)のテーブル面）,［平日］7:30～21:00［土日祝］8:00～21:00,なし,https://www.doutor.co.jp/shopsearch/detail/01011828.html,03-5699-5211,2,212
コメダ珈琲店 葛西南口店【葛西駅南口近くの充電喫茶店】,東京都江戸川区東葛西6-1-13,葛西駅南口から徒歩分,"【あり】docomo Wi-Fi,お店独自のWi-Fi",8口以上（各席テーブル上2口ずつ、衝立に埋め込み）,07:00〜23:00,なし ※年末年始は変更する場合がございます,https://dengen-cafe.com/u97b,03-6808-1182,2,222
マックスカフェ 葛西店【葛西駅南口近くの充電カフェ】,東京都江戸川区東葛西6-1-3,葛西駅南口から徒歩3分（ホテルリブマックス葛西駅前 1F）,【あり】お店独自のWi-Fi,4口以上（禁煙ゾーンの中央カウンター席は卓上、壁側の席は壁面に1口ずつ設置）,07:00～21:00(L.O. 20:30),無休,https://dengen-cafe.com/sj68,03-3675-7755,2,222
ドトールコーヒー シャポー小岩店【小岩駅近くの充電カフェ】,東京都江戸川区南小岩７-２４-１５,小岩駅から徒歩1分(シャポー小岩1F),【あり】ソフトバンクWi-Fiスポット,4口以上,07:00〜22:00,年中無休,https://dengen-cafe.com/whcc,03-3658-2117,2,222
ドトールコーヒー 平井北口店【平井駅北口近くの充電カフェ】,東京都江戸川区平井３‐３０‐３５,平井駅北口から徒歩1分,"【あり】ソフトバンクWi-Fiスポット,au-Wi-Fi,docomo Wi-Fi",４口以上,平日07:30〜21:00、土・日・祝07:30〜21:00,年中無休,https://dengen-cafe.com/rf2r,03-3610-1451,2,222
スターバックスコーヒー シャポー小岩店【小岩駅近くの電源スタバ】,東京都江戸川区南小岩7-24-15,小岩駅から徒歩1分（駅直結ショッピングモールシャポー小岩地下1階）,"【あり】フレッツ・スポット,ソフトバンクWi-Fiスポット,au-Wi-Fi,docomo Wi-Fi,Wi2 300,at_STARBUCKS_Wi2",12口くらい（窓辺のカウンター）,09:00～22:00,不定休,https://goo.gl/Mvw3f4,03-5612-0051,2,222
サンマルクカフェ 瑞江駅前店【瑞江駅・東京都江戸川区】,東京都江戸川区瑞江2-2-1,瑞江駅 南口すぐ,"【あり】フレッツ・スポット,ソフトバンクWi-Fiスポット,Wi2Premium",11口（1F円カウンター）,7:00～23:00,なし,http://r.gnavi.co.jp.2-t.jp/aULR,03-5664-3094,2,222
カフェソラーレ 西葛西店【西葛西駅・東京都江戸川区】,東京都江戸川区西葛西5-1-11,西葛西駅 北口から徒歩1分,"【あり】フレッツ・スポット,docomo Wi-Fi,Wi2 300,Wi2Premium",16口(禁煙席と喫煙席を仕切る窓を背にした席の足元及び中央の大きなテーブルの下の荷物置き場),7:00～21:30,なし,http://www.pronto.co.jp.2-t.jp/bfct,03-6808-7802,2,222
バーミヤン 八王子駅北口店【八王子駅北口近くの充電ファミレス】,東京都八王子市旭町２−５　,八王子駅北口から徒歩約1分(八王子ツインタワービルＡ館７Ｆ),"【あり】au-Wi-Fi,Wi2 300,お店独自のWi-Fi",6口以上（テーブル席足元等）,11:00〜24:00,なし,https://dengen-cafe.com/y4h8,042-655-7903,2,232
喫茶室ルノアール 八王子北口駅前店【八王子駅北口近くの充電喫茶店】,東京都八王子市旭町7-1,八王子駅北口より徒歩2分,"【あり】BBモバイルポイント,au-Wi-Fi,Wi2 300,お店独自のWi-Fi",4口以上,07:30～23:00 [日祝]08:00～22:00,なし,https://goo.gl/vEFS5w,042-686-0272,2,232
上島珈琲店 南大沢店【南大沢駅近くの電源喫茶店】,東京都八王子市南大沢2-1-6,南大沢駅ナカ徒歩0分（フレンテ南大沢2F）,"【あり】ソフトバンクWi-Fiスポット,Wi2Premium,お店独自のWi-Fi",24口（喫煙席と、禁煙のカウンター席）,7:00～21:00,なし,https://goo.gl/pqtdV4,042-670-2485,2,232
ドトールコーヒーショップ 八王子北口駅前店【八王子駅北口/京王八王子駅西口近くの電源カフェ】,東京都八王子市旭町１-４,八王子駅北口から徒歩2分 京王八王子駅西口から徒歩5分,【不明】,10口（禁煙カウンターの奥に10程度  喫煙スペースは未確認）,07:00～22:00,なし,https://goo.gl/A27jjA,042-649-2433,2,232
エプロント セレオ八王子店【八王子駅から近い電源カフェ】,東京都八王子市旭町1-17,八王子駅南口から徒歩1分（駅前ビルセレオ八王子1F）,"【あり】フレッツ・スポット,ソフトバンクWi-Fiスポット,au-Wi-Fi,docomo Wi-Fi,Wi2Premium,その他",5口（喫煙ゾーンのカウンター席  禁煙ゾーンは不明）,7:00 ～ 23:00 ／平日 7:00 ～ 22:00 ／土日祝,なし,http://epronto.jp/shop.html,042-631-3715,2,232
タリーズコーヒー 八王子アイロード店【八王子駅/京王八王子駅・東京都八王子市】,東京都八王子市旭町１３－2,八王子駅北口から徒歩3分、京王八王子駅から徒歩3分,"【あり】フレッツ・スポット,ソフトバンクWi-Fiスポット,docomo Wi-Fi,Wi2Premium,お店独自のWi-Fi",6口（喫煙ゾーンカウンター席：2口✕3）,［平日］7:00～22:00［土］8:00～22:00［日祝］8:00～21:00,なし,http://www.tullys.co.jp.2-t.jp/aUDs,0426-31-8335,2,232
BASEL 富士森公園店（パークサイドカフェバーゼル）【西八王子駅・東京都八王子市】,東京都八王子市台町3-13-4,西八王子駅 南口から徒歩13分（富士森公園近く）,【あり】,4口（奥のカウンターの席）,10:00〜20:00,不定休,http://www.basel.co.jp/b_shops4.htm,042-625-8981,2,232
スターバックス（STARBUCKS）多摩野猿街道店【京王堀之内駅・東京都八王子市】,東京都八王子市堀之内2-12-1,京王堀之内駅から徒歩10分,"【あり】フレッツ・スポット,ソフトバンクWi-Fiスポット,au-Wi-Fi,docomo Wi-Fi,Wi2 300,at_STARBUCKS_Wi2",10口くらい（真ん中の大きいテーブル席とカウンター席）,7:00〜24:00,不定休,http://www.starbucks.co.jp/store/search/detail.php?id=1098,042-670-2280,2,232
ベックスコーヒーショップ 八王子店【八王子駅・東京都八王子市】,東京都八王子市旭町1−4,JR八王子駅改札外正面,【あり】,5口以上（カウンター席は全席　テーブル席にはない）,6:30～22:00,不定休,http://www.jefb.co.jp/becks/shop/,050-3797-1659,2,232
エクセルシオールカフェ 立川北口駅【立川北駅近くの充電カフェ】,東京都立川市曙町２‐５‐１７,立川北駅から徒歩2分（イノタケビル３Ｆ・４Ｆ）,"【あり】au-Wi-Fi,docomo Wi-Fi",6口以上（3階外向きカウンター席）,07:00～22:40,なし,https://goo.gl/TFVBHc,042-540-9150,2,242
カフェベローチェ 立川フロム中武店【立川駅北口/立川北駅近くの充電カフェ】,東京都立川市曙町2-11-2,立川駅北口より徒歩2分/立川北駅より徒歩2分（ﾌﾛﾑ中武1F）,【あり】お店独自のWi-Fi,12口（中央入り口側の仕切りのあるカウンター席）,07:00～22:00,ﾌﾛﾑ中武に準ずる,https://goo.gl/i3AYjK,042-512-5728,2,242
エクセルシオールカフェ 立川北口駅前店【立川駅北口・立川北駅南口近くの電源カフェ】,東京都立川市曙町２‐１３‐１,立川駅北口から徒歩1分/立川北駅南口から徒歩4分（ＴＫ立川ビル１Ｆ）,"【あり】ソフトバンクWi-Fiスポット,au-Wi-Fi,docomo Wi-Fi",6口くらい（1階壁際の長机）,07:00～23:00,なし,https://goo.gl/6vwU42,042-540-2720,2,242
スターバックスコーヒー ららぽーと立川立飛店【立飛駅から近い電源カフェ】,東京都立川市泉町935-1,立飛駅4出口から徒歩2分ほど（ららぽーと立川立飛の中のスタバ）,"【あり】フレッツ・スポット,ソフトバンクWi-Fiスポット,au-Wi-Fi,docomo Wi-Fi,Wi2 300,at_STARBUCKS_Wi2",3口（カウンター席の3席）,10:00～21:00,不定休,http://www.starbucks.co.jp/store/search/detail.php?id=1292,042-540-6263,2,242
PRONTO（プロント） 立川北口店【立川駅・東京都立川市】,東京都立川市曙町２－７－１９,立川駅から徒歩2分,"【あり】フレッツ・スポット,docomo Wi-Fi",10口程度（1F.2Fともにカウンター席）,7:00〜23:00,無休,http://www.pronto.co.jp.2-t.jp/aUJl,042-548-1871,2,242
喫茶室ルノアール 立川北口駅前店【立川駅・東京都立川市】,東京都立川市曙町2-13-10,立川駅北口から徒歩2分（賀屋登ビル2階）,"【あり】BBモバイルポイント,livedoor Wireless,お店独自のWi-Fi",禁煙6口以上&喫煙10口以上（壁側喫煙テーブル席足元・壁側禁煙テーブル席足元）,［平日］7:30～23:00［土日］8:00～23:00,なし,http://pkg.navitime.co.jp.2-t.jp/tbD1,042-525-3917,2,242
ルノアール 立川南口店【立川駅・東京都立川市】,東京都立川市柴崎町3-4-14,立川駅南口から徒歩3分（ベルトリーサビル2階）,"【あり】BBモバイルポイント,livedoor Wireless",禁煙6口以上&喫煙6口以上（壁側喫煙テーブル席足元・壁側禁煙テーブル席足元）,［平日］7:30～22:00［金］7:30～23:00［土］7:30～23:00［日］7:30～22:00［祝］8:00～22:00,なし,http://pkg.navitime.co.jp.2-t.jp/tbCL,042-521-3221,2,242
スターバックスコーヒー ルミネ立川店【立川駅北口近くの充電スタバ】,東京都立川市曙町2-1-1,JR立川駅改札から徒歩0分（ルミネ立川1F(ルミネの北東側入口脇)）,"【あり】フレッツ・スポット,au-Wi-Fi,docomo Wi-Fi,Wi2 300,at_STARBUCKS_Wi2",4ヶ所×2口×2（通路側窓際カウンター席袖面4ヶ所と、奥の大テーブル席袖面4箇所）,7:00〜22:00,不定休,https://www.starbucks.co.jp/store/search/detail.php?id=1250,042-540-0930,2,242
バーミヤン 吉祥寺ダイヤ街店【吉祥寺駅北口近くの充電ファミレス】,東京都武蔵野市吉祥寺本町１丁目７−８　,吉祥寺駅北口から徒歩約3分(マーブルビルＢ１),"【あり】au-Wi-Fi,Wi2 300,お店独自のWi-Fi",6口以上（テーブル席足元等）,11:00〜24:00,なし,https://store-info.skylark.co.jp/bamiyan/spot/detail?code=171567&bc=eNqLVnq2ZM7zLYseN3c8bm5%2B3DxdSUcJiCCCz7dOeDZvjgKQX1yQX6Kfk1lcYp8cn2JmElNqYGCcYgiijMwKEtNTIQJGEIH4otTiHIhISVFpKkQwObEkNT2%2FqBIibmBoYKQUCwCR2jC0,0422-28-7100,2,252
イタリアントマトカフェジュニアPlus 吉祥寺サンロード店【吉祥寺駅北口が近い電源カフェ】,東京都武蔵野市吉祥寺本町1-9-9,吉祥寺駅北口から徒歩3分（サンロードを入ってしばらく行くと左側）,"【あり】フレッツ・スポット,ソフトバンクWi-Fiスポット,docomo Wi-Fi,その他",禁煙24・喫煙24口以上（店内に大量に設置。禁煙喫煙腰の位置や壁側に24口ずつ）,7:30～23:00,なし,https://www.italiantomato.co.jp/store/it022/,0422-23-7757,2,252
タリーズコーヒー 武蔵野赤十字病院店【武蔵境駅南口近くの電源カフェ】,東京都武蔵野市境南町1-26-1,武蔵境駅南口から徒歩12分,【不明】,2口（注文カウンターから一番近いテーブル席の足元）,[平日]07:30～20:00 [土日祝]08:30～20:00,不定休,https://goo.gl/2Cfcz7,0422-30-3019,2,252
スターバックスコーヒー 武蔵境イトーヨーカドー店【武蔵境駅南口近くの電源スタバ】,東京都武蔵野市境南町２丁目３−６,武蔵境駅南口より徒歩２分（イトーヨーカドー武蔵境店西館１F、ロータリー側）,"【あり】フレッツ・スポット,ソフトバンクWi-Fiスポット,au-Wi-Fi,docomo Wi-Fi,Wi2 300,at_STARBUCKS_Wi2",4口（窓側カウンター）,07:00～22:30,不定休,https://goo.gl/RBP4bt,0422-34-7308,2,252
cafe lumiere（カフェ ルミエール）【吉祥寺駅・東京都武蔵野市】,東京都武蔵野市吉祥寺南町1-2-2,吉祥寺駅 公園口（南口）から徒歩1分（東山ビル4F）,"【あり】FREESPOT,ソフトバンクWi-Fiスポット,au-Wi-Fi,docomo Wi-Fi,Wi2Premium,お店独自のWi-Fi,その他",5口くらい（入って左前の壁際など）,11:30〜22:00,月曜日,http://tabelog.com.2-t.jp/uR7r,0422-48-2121,2,252
ドトールコーヒーショップ 吉祥寺公園口店【吉祥寺駅・東京都武蔵野市】,東京都武蔵野市吉祥寺南町１-８-５,吉祥寺駅 公園口から徒歩2分,"【あり】Wi2 300,Wi2Premium",5口（1階壁際カウンター席（机の下で目立たない））,［平日］7:30〜22:00［土日祝］8:00〜22:00,なし,http://sasp.mapion.co.jp.2-t.jp/pbvG,0422-41-2228,2,252
エクセルシオールカフェ ホテルメッツ武蔵境店【武蔵境駅南口近くの電源カフェ】,東京都武蔵野市境南町２‐１‐８,武蔵境駅南口から徒歩１分（ホテルメッツ武蔵境の1F）,"【あり】フレッツ・スポット,ソフトバンクWi-Fiスポット,au-Wi-Fi,docomo Wi-Fi,Wi2Premium",禁煙カウンター腰の位置に8口,06:30 - 22:30,なし,https://sasp.mapion.co.jp/b/doutor/info/05000057/,0422-39-7430,2,252
ベーカリー&カフェ ルパ(Le repas) 吉祥寺店【吉祥寺駅・東京都武蔵野市】,東京都武蔵野市吉祥寺南町2-1-25,吉祥寺駅すぐ（キラリナ京王吉祥寺1階）,【あり】UQ Wi-Fi,11口（窓際カウンター席：4口、中央カウンター席：7口）,7:00～22:00,年中無休,http://www.keio-sh.jp/shop/,0422-24-7162,2,252
スターバックスコーヒー キラリナ京王吉祥寺店【吉祥寺駅・東京都武蔵野市】,東京都武蔵野市吉祥寺南町2-1-25,吉祥寺駅すぐ,"【あり】フレッツ・スポット,UQ Wi-Fi,ソフトバンクWi-Fiスポット,au-Wi-Fi,docomo Wi-Fi,Wi2 300,at_STARBUCKS_Wi2,Wi-fine",8口（入口そばにある6人掛けテーブル席）,7:00～22:30,不定休,http://www.starbucks.co.jp/store/search/detail.php?id=1132,0422-70-2755,2,252
ルノアール 三鷹北口駅前店【三鷹駅北口近くの充電喫茶店】,東京都武蔵野市中町1-6-7,三鷹駅北口から徒歩0分   （JR三鷹駅北口より徒歩0分ロータリー左向こう。ビル２F）,"【あり】BBモバイルポイント,au-Wi-Fi,Wi2 300,お店独自のWi-Fi",禁煙…4口以上 ・喫煙…10口以上（禁煙/喫煙席ともに壁側テーブル席の足元。 わからない場合は店員さんに一声おかけください。）,月～土曜日:7:00-23:00 /日祭日:7:00-22:00,なし,https://www.ginza-renoir.co.jp/shopsearch/shops/view/81,042-253-0958,2,252
スターバックスコーヒー アトレ吉祥寺店【吉祥寺駅北口近くの充電スタバ】,東京都武蔵野市吉祥寺南町1-1-24,吉祥寺駅アトレ直通改札口より徒歩0分（吉祥寺アトレの2F、ＪＲ改札の目の前です。2Ｆ）,"【あり】フレッツ・スポット,ソフトバンクWi-Fiスポット,au-Wi-Fi,docomo Wi-Fi,Wi2 300,at_STARBUCKS_Wi2",10口（壁側カウンター席）,7:30～22:00,不定休,https://www.starbucks.co.jp/store/search/detail.php?id=0964,0422-22-2059,2,252
夢庵 三鷹北野店【仙川駅近くの充電ファミレス】,東京都三鷹市新川２丁目４−２８,仙川駅から徒歩約24分,"【あり】au-Wi-Fi,Wi2 300,お店独自のWi-Fi",6口以上（テーブル席足元等）,10:00～24:00,なし,https://store-info.skylark.co.jp/yumean/spot/detail?code=130230&bc=eNqLVnq2ZM7zLYseN3c8bm5%2B3DxdSUcJiCCCz7dOeDZvjgKQX1yQX6Kfk1lcYp8cn2JmElNqYGCcYgiijMwKEtNTIQLGEIH4otTiHIhISVFpKkQwObEkNT2%2FqBIibmBoYKIUCwCSEDC3,0422-41-5731,2,262
バーミヤン 三鷹駅南口店【三鷹駅南口近くの充電ファミレス】,東京都三鷹市下連雀３丁目２８−２３,三鷹駅南口から徒歩約3分,"【あり】au-Wi-Fi,Wi2 300,お店独自のWi-Fi",6口以上（テーブル席足元等）,10:00〜29:00,なし,https://store-info.skylark.co.jp/bamiyan/spot/detail?code=172898&bc=eNqLVnq2ZM7zLYseN3c8bm5%2B3DxdSUcJiCCCz7dOeDZvjgKQX1yQX6Kfk1lcYp8cn2JmElNqYGCcYgiijMwKEtNTIQJGEIH4otTiHIhISVFpKkQwObEkNT2%2FqBIibmBoYKQUCwCR2jC0,0422-76-8600,2,262
プロント（PRONTO） Dila三鷹店【三鷹駅・東京都三鷹市】,東京都三鷹市下連雀3-46-1,三鷹駅構内０分（アトレヴィ4F）,"【あり】フレッツ・スポット,ソフトバンクWi-Fiスポット,docomo Wi-Fi",禁煙カウンター卓上に２０口,7:00～23:00,なし,http://www.pronto.co.jp.2-t.jp/dMBU,042-255-1522,2,262
ドトールコーヒーショップ 三鷹南口店【三鷹駅・東京都三鷹市】,東京都三鷹市下連雀３－３５－６,三鷹駅南口から徒歩２分（出口正面のエスカレーター下りてしばらく歩いたら右側）,【あり】docomo Wi-Fi,禁煙フロア奥カウンター３口＆入り口一人テーブル壁に３口,平日土曜　07:00 - 21:00　 日祝　08:00 - 21:00,なし,http://www.doutor.co.jp/shopsearch/detail/01011897.html,0422-45-1701,2,262
タリーズコーヒー 三鷹駅南口店【三鷹駅南口近くの充電カフェ】※土日注意,東京都三鷹市下連雀3-46-6,三鷹駅改札から徒歩1分（南口出てすぐ右手の階段を降りた所（http://bit.ly/oJCbwN　の矢印部分）,【なし】,合計9ヶ所×2口（1Fカウンター席4席2箇所、2Fカウンター席5箇所、2F東端喫煙フロアカウンター席4席2箇所）,7：00～21：00,なし,https://dengen-cafe.com/j57l,0422-40-5483,2,262
サブウェイ（SUBWAY） Dila三鷹店【三鷹駅近くの充電カフェ】,東京都三鷹市下連雀3-46-1,三鷹駅駅ビルの4F  （駅から徒歩0分。駅ビルDilaの構内改札内側にあります）,【なし】,7口（客席奥南側窓際カウンター席7席）,7:00-23:00,なし,https://www.subway.co.jp/shops/kanto/tokyo/tokyo-other/mitaka/shop853/,0422-38-7718,2,262
カフェハイファミリア（Cafe Hi famiglia）【三鷹駅南口近くの充電カフェ】,東京都三鷹市下連雀3-38-4,三鷹駅　南口から徒歩5分   （JR三鷹駅南口から南下。三鷹産業プラザ商業エリア内1F）,"【あり】FREESPOT,独自",２口以上（窓側テーブル席）,11:00-22:00,火曜日、イベント時,https://dengen-cafe.com/uxq3,0422-38-8311,2,262
ロッテリア 河辺北口駅前店【河辺駅北口が近い電源カフェ】,東京都青梅市河辺町10-8,河辺駅北口から徒歩0分（北口ロータリー沿い）,【なし】,4口ほど（カウンター、奥の一人席）,07:00～22:00,なし,https://goo.gl/27HbRT,0428-20-2131,2,272
ジョナサン 府中中河原店【中河原駅北口近くの充電ファミレス】,東京都府中市住吉町１丁目１０−１　シャトレープランドール,中河原駅北口より徒歩5分（シャトレープランドール）,"【あり】au-Wi-Fi,Wi2 300,お店独自のWi-Fi",6口以上（テーブル席足元等）,06:15〜26:00,なし,https://dengen-cafe.com/wv4s,042-335-6776,2,282
Cafe&Meal MUJI 府中ル・シーニュ【府中駅南口近くの充電カフェ】,東京都府中市宮町１丁目１００－２,府中駅南口から徒歩1分（府中ル・シーニュ）,【なし】,6口くらい（窓際）,10:00～20:00　,なし,https://www.muji.com/jp/shop/045686,042-352-3539　,2,282
ドトールコーヒー 府中本町店【府中本町駅近くの充電カフェ】,東京都府中市本町１-２９-１,府中本町駅から徒歩1分,【不明】,4口以上,07:00～21:00,なし,https://goo.gl/Tunf3r,042-361-7177,2,282
ガスト 府中けやき通店【府中駅南口近くの電源ファミレス】,東京都府中市宮西町１丁目５−１,府中駅南口から徒歩3分（地下一階）,"【あり】au-Wi-Fi,Wi2 300",4口以上（一席につき2つ ソファの背もたれの上辺り）,07:00〜05:00,不定休,https://goo.gl/knS2Wf,042-352-6561,2,282
エクセルシオールカフェ 府中ル・シーニュ店【府中駅近くの電源エクセル】,東京都府中市宮町1-100,府中駅南口から徒歩2分（府中ル・シーニュ内1階）,"【あり】au-Wi-Fi,docomo Wi-Fi,Wi2Premium",30口（禁煙ゾーン大テーブル/窓際カウンター席）,平日 7:00～22:00 土日祝 8:00～22:00,不定休,http://sasp.mapion.co.jp/b/excelsiorcaffe/info/05000261/,042-362-5002,2,282
ドトールコーヒーショップ 京王府中店【府中駅・東京都府中市】,東京都府中市府中町１‐３‐６,府中駅から徒歩30秒（京王府中ショッピングセンター内）,"【あり】au-Wi-Fi,docomo Wi-Fi",26席×1口（店舗奥の禁煙フロアカウンター席８席、喫煙フロアは未確認）,［平日］7:00～22:00［土］7:30～22:00［日祝］8:00～22:00,なし,http://www.doutor.co.jp.2-t.jp/lTSr,042-351-4048,2,282
タリーズコーヒー フレスポ府中店【北府中駅近くの充電カフェ】,東京都府中市西原町1-6-2,北府中駅出口から徒歩17分・谷保駅出口から徒歩19分（蔦屋書店フレスポ府中店内1F）,"【あり】au-Wi-Fi,Wi2 300,お店独自のWi-Fi",禁煙4口＆喫煙4口（喫煙カウンター席＆禁煙カウンター卓上）,平日：10：00～22：00＼土：9：00～22：00＼日祝：9：00～22：00,不定休,https://dengen-cafe.com/bulu,042-358-6176,2,282
エクセルシオールカフェバリスタ  モリタウン昭島店【昭島駅北口近くの充電カフェ】,東京都昭島市田中町５６２-１,昭島駅北口から徒歩2分(モリタウン東館１Ｆ),"【あり】ソフトバンクWi-Fiスポット,au-Wi-Fi,docomo Wi-Fi",8口以上（カウンター席と長机の席）,09:00～21:00,モリタウンに準ずる,https://dengen-cafe.com/flvj,042-546-4885,2,292
モスバーガー 拝島店 【拝島駅南口近くの充電カフェ】,東京都昭島市緑町２丁目３０-２４,拝島駅南口から徒歩12分,"【あり】ソフトバンクWi-Fiスポット,au-Wi-Fi,docomo Wi-Fi,お店独自のWi-Fi",-,07:00～23:00,なし,https://ssl.mos.jp/shop/detail/04988/,042-541-6355,2,292
モスバーガー モリタウン昭島店【昭島駅北口近くの充電カフェ】,東京都昭島市田中町５６２‐１,昭島駅北口から徒歩2分(モリタウン東館１Ｆ),"【あり】ソフトバンクWi-Fiスポット,docomo Wi-Fi,お店独自のWi-Fi",1席につきコンセント2個口×8席（レジ向かって左側の席）,09:00～20:00,なし,https://ssl.mos.jp/shop/detail/05125/,042-500-7737,2,292
ドトールコーヒー 京王仙川店【仙川駅近くの充電カフェ】,東京都調布市仙川町１-１２-１４,仙川駅から徒歩2分,"【あり】au-Wi-Fi,docomo Wi-Fi",4口以上,平日・土曜日07:00〜21:00、日・祝07:30〜20:00,年中無休,https://dengen-cafe.com/z3sv,03-3309-1858,2,302
ドトールコーヒー 調布南口店【調布駅中央口近くの充電カフェ】,東京都調布市布田４-１７-１０,調布駅中央口から徒歩1分,"【あり】au-Wi-Fi,docomo Wi-Fi",4口以上,平日・土曜日07:30〜21:00、日・祝08:00〜21:00,年中無休,https://dengen-cafe.com/ativ,042-440-3188,2,302
ベーカリー＆カフェ ルパ 調布店【調布駅近くの充電カフェ】,調布市布田４－４－２２,調布駅ナカ徒歩1分（トリエ京王調布 A館 地下1階）,【不明】,2口以上（（カウンター席））,7:00～22:00,なし,https://www.keio-sh.jp/shop/,042-444-3480,2,302
スターバックスコーヒー 調布パルコ店【調布駅北口近くの充電スタバ】,東京都調布市小島町1-38-1,調布駅 北口から徒歩1分,"【あり】フレッツ・スポット,ソフトバンクWi-Fiスポット,au-Wi-Fi,docomo Wi-Fi,Wi2 300,at_STARBUCKS_Wi2",2口確認済み（カウンターと一人席のみ、確認済み）,7:00～22:00,不定休,https://www.starbucks.co.jp/store/search/detail.php?id=1235,042-489-5177,2,302
ちとせやCafe【調布駅北口近くの充電カフェ】,東京都調布市布田1-39,調布駅北口から徒歩0分（駅前ロータリー内にあり。北口を出れば見える位置です）,"【あり】ソフトバンクWi-Fiスポット,Wi2 300",1口×4ヶ所＋α（2F喫煙席南端窓際のカウンター席のテーブル裏面＋1Fカウンター）,7:00～22:00(月～土)・7:00～21:00(日祝),なし,https://dengen-cafe.com/zf3m,0424-43-9288,2,302
ドトールコーヒー 町田駅前店【小田急線町田駅南口、JR町田駅北口近くの充電カフェ】,東京都町田市原町田６‐１１‐１０,小田急線町田駅南口から徒歩1分、JR町田駅北口から徒歩4分,【あり】その他,地下1F: 10口、2F: 10口、3F: 14口（各階真ん中の大きいテーブル席）,平日07:00〜22:00、土曜日07:30〜22:00、日・祝07:30〜21:00,年中無休,https://dengen-cafe.com/ao01,042-732-8169,2,312
スターバックスコーヒー 小田急町田駅店【町田駅近くの電源スタバ】,東京都町田市原町田6-12-20,小田急町田駅西口から徒歩2分（小田急百貨店町田店内）,"【あり】ソフトバンクWi-Fiスポット,au-Wi-Fi,docomo Wi-Fi,Wi2 300,at_STARBUCKS_Wi2",9口くらい（出入口付近の長テーブル）,7:30～22:30,不定休,https://www.starbucks.co.jp/store/search/detail.php?id=1315,042-732-0320,2,312
ドトールコーヒーショップ 成瀬店【成瀬駅・東京都町田市】,東京都町田市南成瀬１‐１‐３,成瀬駅 駅前,"【あり】Wi2 300,Wi2Premium",1F: 窓際カウンター席：2口（2席・1口/席）  2F: 窓際カウンター席：8口（8席・1口/席）（丸テーブルにはない。）,［平日］6:45〜20:00［土］6:45〜20:00［日祝］7:00〜20:00,元旦,https://sasp.mapion.co.jp/b/doutor_s/info/01011185/?shopmastergyokna=1100,0427-10-1006,2,312
PRONTO（プロント） 町田マルイ店【町田駅・東京都町田市】,東京都町田市原町田6－1－6,町田駅すぐのマルイ内,【なし】,30口くらい（カウンター席:10口、テーブル席:20口位）,7:00～23:00,なし,http://www.pronto.co.jp.2-t.jp/t0PA,042-710-7120,2,312
カフェ・ド・クリエ ミーナ町田店【町田駅・東京都町田市】,東京都町田市原町田４丁目１番１７号,JR町田駅から徒歩4分、町田駅ターミナル改札口目の前、小田急線 町田駅 西口から徒歩6分,"【あり】フレッツ・スポット,ソフトバンクWi-Fiスポット,au-Wi-Fi,docomo Wi-Fi",窓際カウンター席（5席）4口、中央カウンター席（5席）4口,［平日］7:00〜22:00［土日祝］8:00〜22:00,なし,http://www.pokkacreate.co.jp.2-t.jp/aULB,042-860-7261,2,312
スターバックスコーヒー 町田パリオ店【町田駅・東京都町田市】,東京都町田市森野1-15-13,小田急線 町田駅 西口から徒歩2分、JR町田駅から徒歩5分,"【あり】フレッツ・スポット,ソフトバンクWi-Fiスポット,au-Wi-Fi,docomo Wi-Fi,Wi2 300,Wi2Premium,at_STARBUCKS_Wi2",4ヶ所×2口（中央奥の大テーブル席の袖面4ヶ所）,7:00〜23:00,不定休(町田パリオ休館日に依存),http://www.starbucks.co.jp/store/search/detail.php?id=898,042-710-8841,2,312
スターバックスコーヒー ぽっぽ町田店【町田駅・東京都町田市】,東京都町田市原町田4-10-20,JR町田駅より徒歩5分、小田急線 町田駅 南口から徒歩5分,"【あり】フレッツ・スポット,ソフトバンクWi-Fiスポット,au-Wi-Fi,docomo Wi-Fi,Wi2 300,Wi2Premium,at_STARBUCKS_Wi2",7ヶ所×2口（1F商店街側カウンター席の袖面3ヶ所と2Fの大テーブル席の袖面4ヶ所）,7:00〜23:00,不定休,http://www.starbucks.co.jp/store/search/detail.php?id=1155,042-709-6101,2,312
上島珈琲店 町田店【町田駅近くの充電喫茶店】,東京都町田市原町田6-10-7,小田急 町田駅 南口から徒歩2分、横浜線 町田駅から3分,"【あり】ソフトバンクWi-Fiスポット,au-Wi-Fi,docomo Wi-Fi,Wi2Premium,お店独自のWi-Fi",6口（窓際のカウンター席）+テーブル席4口程度,［平日］7:30〜22:00［土］8:00〜22:00［日祝］8:00〜21:00,なし,https://shop.ufs.co.jp/ufs/spot/detail?code=3687,042-739-5025,2,312
ジョナサン 小金井前原店【武蔵小金井駅南口近くの充電ファミレス】,東京都小金井市前原町３丁目４１−２４,武蔵小金井駅南口より徒歩4分（ビュークレスト小金井）,"【あり】au-Wi-Fi,Wi2 300,お店独自のWi-Fi",6口以上（テーブル席足元等）,06:45〜25:00,なし,https://dengen-cafe.com/xb5y,042-384-1071,2,322
ピアーズカフェ(PIER’S CAFE) 武蔵小金井駅【武蔵小金井駅近くの充電カフェ】,東京都小金井市本町5-1-20,武蔵小金井駅nonowa口から徒歩1分（nonowa武蔵小金井sc）,"【あり】docomo Wi-Fi,お店独自のWi-Fi",40口以上（喫煙20以上禁煙20以上）,07:00～22:30(L.O.22:00),なし,https://dengen-cafe.com/9buy,042-316-1720,2,322
スターバックスコーヒー nonowa武蔵小金井店【武蔵小金井駅近くの電源スタバ】,東京都小金井市本町6-14-29,武蔵小金井駅改札から徒歩1分( nonowa武蔵小金井内),"【】フレッツ・スポット,ソフトバンクWi-Fiスポット,au-Wi-Fi,Wi2Premium,at_STARBUCKS_Wi2",8口（店内奥窓側カウンター席）,07:00～22:00,不定休,https://goo.gl/J2yBcP,042-386-7333,2,322
ピアーズカフェ 武蔵小金井店【武蔵小金井駅ナカの電源カフェ】,東京都小金井市本町5-1-20 nonowa武蔵小金井west,武蔵小金井駅ナカnonowa west内にあります。徒歩1分以内,【不明】,20口ほど（1Fの入口付近、2F）,7:00～22:30,なし,http://www.pierthirty.co.jp/,042-316-1720,2,322
上島珈琲店 武蔵小金井店【武蔵小金井駅南口の充電喫茶店】,東京都小金井市本町6-14-45,武蔵小金井駅南口から徒歩1分（ロータリー沿い）,"【あり】ソフトバンクWi-Fiスポット,au-Wi-Fi,Wi2 300,お店独自のWi-Fi",6口以上（カウンター席両端の足元）,10:00〜22:00,年中無休,https://shop.ufs.co.jp/ufs/spot/detail?code=3661,042-380-5501,2,322
ベーカリー＆カフェ ルパ（Le repas）高幡店【高幡不動駅近くの電源カフェ】,東京都日野市高幡128-5,高幡不動駅改札出てすぐ(京王高幡ショッピングセンター3F),【あり】その他,5口（窓側席）,07:00～21:00,不明,https://www.keio-sh.jp/shop/,042-599-0504,2,342
スターバックスコーヒー 日野万願寺店【万願寺駅が最寄りの電源カフェ】,東京都日野市万願寺4－24－6,万願寺駅から徒歩11分ほど（日野バイパス沿いのロードサイドスタバ）,"【あり】フレッツ・スポット,ソフトバンクWi-Fiスポット,au-Wi-Fi,docomo Wi-Fi,Wi2 300,at_STARBUCKS_Wi2",5口くらい（日野バイパスに面した側のカウンター席）,7:00～26:00,不定休,http://www.starbucks.co.jp/store/search/detail.php?id=745,042-582-6630,2,342
タリーズコーヒー 京王高幡SC店【高幡不動駅南口近くの充電カフェ】,東京都日野市高幡116-10,多摩モノレール・京王線改札から各２～３分ほど（京王高幡SC3F）,"【あり】ホットスポット,フレッツ・スポット",５口くらい（禁煙席一番ガラス側など）,平日：7:00～22:00＼土：8:00～22:00＼日祝：8:00～22:00,なし,https://map.tullys.co.jp/tullys/detailMap?account=tullys&accmd=0&bid=234,042-599-2782,2,342
モスバーガー 秋津店【秋津駅/新秋津駅・東京都東村山市】,東京都東村山市秋津町5-9-1,秋津駅 南口から徒歩3分、新秋津駅から徒歩3分,【あり】docomo Wi-Fi,4口：但し2席のみ利用可（入り口から入って、真正面の奥）,7:00～23:00,なし,http://mos.jp.2-t.jp/b0df,042-399-0181,2,352
LOOP（ループ）※旧イチマルサン珈琲【新秋津駅/秋津駅・東京都東村山市】,東京都東村山市秋津町５−６−１０,新秋津駅から徒歩1分、秋津駅から徒歩2分,【なし】,8口くらい（テーブル席の後ろの壁）,14:00～18:00,日・火・木,http://www.facebook.com.2-t.jp/luZ1,042-392-3643,2,352
コメダ珈琲店 国立北口店【国立駅から近い電源喫茶店】,東京都国立市北１丁目５−６,国立駅北口から徒歩1分,"【あり】ソフトバンクWi-Fiスポット,au-Wi-Fi,docomo Wi-Fi,お店独自のWi-Fi",10口ほど（2階）,7:00〜23:00,なし,https://www.komeda.co.jp/search/shopdetail.php?id=649,042-505-9981,2,362
モスバーガー 国立店【国立駅南口近くの充電ファストフード】,東京都国立市東1-15-8,国立駅南口から徒歩3分（駅前大通りを南下すると左側に見えます）,"【あり】ソフトバンクWi-Fiスポット,au-Wi-Fi,docomo Wi-Fi,お店独自のWi-Fi",2口以上（窓際の席）,7:00～23:00,不定休,https://www.mos.jp/shop/detail/02011/,042-573-2929,2,362
珈琲屋【国立駅・東京都国立市】＜※1Hあたり50円のコンセント使用料※＞,東京都国立市東1-15-24,国立駅 南口から徒歩2分（2F）,【なし】,4口（2Fテーブル席2箇所）　※1時間50円の使用料がかかります※,7:30-19:00,なし,http://www.facebook.com.2-t.jp/tjbs,042-576-7066,2,372
マクドナルド 国立店【国立駅南口近くの充電マック】,東京都国立市中1-9-34,国立駅　南口から徒歩1分 （南口ロータリーに出て右に折れるとすぐに見えます。）,"【あり】BBモバイルポイント,お店独自のWi-Fi",７口（2F喫煙席北西端のカウンター席3席と 3F東側窓際のカウンター席4席 ）,6:00〜25:00,なし,https://map.mcdonalds.co.jp/map/13016,042-576-3249,2,372
コマエカフェ（komae cafe）【狛江駅北口が近い充電カフェ】,東京都狛江市中和泉1-2-1,狛江駅北口から徒歩4分,【あり】FREESPOT,10口（カウンター席に6口  1階テーブル席に1口  2階テーブル席近くに3口 ）,9:00～20:00,水曜日,https://goo.gl/ojTZBN,03-5761-7138,2,392
エ プロント 狛江店【狛江駅南口近くの充電カフェ】,東京都狛江市元和泉1－2－2,狛江駅南口から徒歩0分,"【あり】ソフトバンクWi-Fiスポット,au-Wi-Fi,docomo Wi-Fi,Wi2 300,お店独自のWi-Fi",16口（禁煙カウンター9口 喫煙カウンター7口）,平日：07:00～23:00  土日祝：08:00～22:00,無休,https://dengen-cafe.com/re66,03-5438-5757,2,392
オランダ坂珈琲邸 東大和店【東大和駅・東京都東大和市】,東京都東大和市南街1-8-17　,東大和駅から徒歩15分,【あり】フレッツ・スポット,10口以上（1テーブルごとに2口。長席の下やセパレータなどにもコンセントあり）,7:00～23:00,無休,http://www.restaurant-business.co.jp/brand/brand.html#r01,042-516-8884,2,402
スターバックスコーヒー（スタバ）　清瀬駅前店【清瀬駅・東京都清瀬市】,東京都清瀬市元町1-8-1,清瀬駅北口から徒歩1分,"【あり】フレッツ・スポット,ソフトバンクWi-Fiスポット,au-Wi-Fi,docomo Wi-Fi,お店独自のWi-Fi",4口（窓際の席に3口　奥に1口）,7:00～22:00,不定休,http://www.starbucks.co.jp.2-t.jp/bXVy,0424-96-7705,2,412
シェマディ 東久留米店（CHEZ MADU）【ひばりヶ丘駅が近い電源カフェ】,東京都東久留米市南沢5-17-62,ひばりヶ丘駅から徒歩30分（イオンモール東久留米1F）,【あり】お店独自のWi-Fi,5口くらい（壁よりの席）,9:00〜22:00,なし,https://goo.gl/bKox2h,042-465-3533,2,422
タリーズコーヒー Emio東久留米店【東久留米駅東口近くの充電カフェ】,東京都東久留米市東本町1-8,東久留米駅東口へ徒歩1分側Emio東久留米内２F,"【あり】ソフトバンクWi-Fiスポット,au-Wi-Fi,docomo Wi-Fi,Wi2 300,Wi2Premium,お店独自のWi-Fi",13口くらい（窓側カウンター席）＋喫煙奥テーブル足元2口,平日：7:30～21:30＼土日祝 ：8:00～21:00,なし,https://dengen-cafe.com/dz4u,042-479-2655,2,422
ドトールコーヒー 聖蹟桜ヶ丘東口店【聖蹟桜ヶ丘駅東口近くの充電カフェ】,東京都多摩市関戸２-４０-１,聖蹟桜ヶ丘駅東口から徒歩1分（京王聖蹟桜ヶ丘東口ビル１Ｆ）,"【あり】au-Wi-Fi,docomo Wi-Fi,Wi2 300",7口くらい（入口すぐ右のカウンター席）,[平日]07:00～22:00 [土日祝] 08:00～21:00,なし,https://goo.gl/VdqzGQ,042-400-1414,2,442
ヴィドフランス永山店(VIE DE FRANCE)【小田急永山/京王永山駅近くの電源カフェ】,東京都多摩市永山1-18-2,小田急永山駅から徒歩1分（小田急マルシェ永山内）,【不明】,2口(テーブル席の脇 ),[月～土 ]07:00～21:00 [日祝 ]07:30～21:00,無休,https://goo.gl/Z1yej7,042-339-1818,2,442
ピアーズカフェ（ＰＩＥＲ’Ｓ ＣＡＦＥ） 聖蹟桜ヶ丘店【聖蹟桜ヶ丘駅近くの電源カフェ】,東京都多摩市関戸１丁目11-1,聖蹟桜ヶ丘駅から徒歩3分（京王聖蹟桜ヶ丘ショッピングセンターA館7F）,【あり】Wi2 300,2口以上（カウンター席の卓上にありました。）,10:00～21:00,不定休(京王聖蹟桜ヶ丘ショッピングセンターに準ずる),https://goo.gl/RRnH8t,042-337-2620,2,442
モスバーガー 京王リトナード永山店【京王永山駅近くの電源モス】,東京都多摩市永山１丁目１８-１,京王永山駅改札出て斜め向かい（京王リトナード永山２階	）,"【あり】ソフトバンクWi-Fiスポット,お店独自のWi-Fi",10口ほど（入口禁煙席 カウンター）,7:00～23:00,なし,https://ssl.mos.jp/shop/detail/08077/,042-311-6786,2,442
スターバックスコーヒー 聖蹟桜ヶ丘オーパ店【聖蹟桜ヶ丘駅・東京都多摩市】,東京都多摩市関戸4-72,聖蹟桜ヶ丘駅から徒歩2分（聖蹟桜ヶ丘ＯＰＡ 1F）,"【あり】フレッツ・スポット,ソフトバンクWi-Fiスポット,au-Wi-Fi,docomo Wi-Fi,Wi2 300,at_STARBUCKS_Wi2",4口（窓側カウンター席）,7:00～22:30,不定休,http://www.starbucks.co.jp.2-t.jp/fMkq,042-356-3341,2,442
カフェ・ド・クリエ　聖蹟桜ヶ丘店【聖蹟桜ヶ丘駅・東京都多摩市】,東京都多摩市関戸1-10-10,聖蹟桜ヶ丘駅から徒歩30秒,【あり】ソフトバンクWi-Fiスポット,喫煙席に3つ、禁煙席に4つぐらい（窓側カウンター）,［平日・土］7:00～21:00［日祝］7:30～20:00,なし,http://www.pokkacreate.co.jp/shops/detail/38,042-319-6181,2,442
タリーズコーヒー 京王多摩センター駅店【多摩センター駅東口近くの充電カフェ】,東京都多摩市落合1-10-1　,京王多摩センター駅から徒歩0分/小田急多摩センター駅から徒歩2分/多摩都市モノレール多摩センター駅出入り口2から徒歩4分  （京王多摩センター駅SCの2F。駅東口改札出てすぐ）,【なし】,2口x7箇所（窓際カウンター席8席の席間4ヶ所と、島席にになっているカウンター席のテーブル中央3ヶ所 ）,平日 7:30～21:30  土曜日・日曜日・祝日 8:00～21:00,なし,https://dengen-cafe.com/7h81,042-357-3035,2,442
フォレスティコーヒー 永山店【小田急永山駅・京王永山駅近くの充電カフェ】,東京都多摩市永山1-18,小田急永山駅から徒歩0分/京王永山駅　から徒歩1分 （駅内施設小田急マルシェの2F）,【不明】,禁煙席５つ、喫煙席７つ（一番奥窓際カウンター席）,7：00～21：00,なし,https://dengen-cafe.com/30bp,042-310-0661,2,442
スターバックスコーヒー 稲城東長沼店【稲城駅南口近くの充電スタバ】,東京都稲城市東長沼１７１１－６,稲城駅南口から徒歩15分,【あり】at_STARBUCKS_Wi2,10口ぐらい（窓際カウンター席）,07:00～24:00,不定休,https://dengen-cafe.com/hq5y,042-370-3870,2,452
ジロー珈琲 羽村店【小作駅西口近くの充電カフェ】,東京都羽村市羽加美１丁目７－５,小作駅西口から徒歩11分,【あり】お店独自のWi-Fi,20口くらい（全席（テラスを除く））,07:00～21:00,なし,https://dengen-cafe.com/93ur,042-578-8950,2,462
ぎょうざキッチン＆Café つむぐ（TUMUGU）【秋川駅近くの電源カフェ】,東京都あきる野市雨間310-7,秋川駅北口から徒歩2分,【あり】お店独自のWi-Fi,3箇所5口ほど（カウンター席の奥など）,11:00～15:00／17:00～21:00,月火第3日曜,http://tumugu269.com,042−595−5063,2,472
ディーンアドンデルーカ 日本橋高島屋 S.C.店（DEAN&DELUCA）【日本橋駅近くの充電カフェ】,東京都中央区日本橋2-5-1 （ 日本橋高島屋 S.C. 1階）,日本橋駅から徒歩3分,【あり】お店独自のWi-Fi,8口以上（カウンター席腰位置に設置）,平日 7:30 - 20:00  土日祝 10:30 - 20:00,なし,https://www.deandeluca.co.jp/shop/detail.php?shop_id=46,03-6281-9437,2,482
カフェ＆ブーズ（cafe＆booze1933）【小伝馬町駅3近くの充電カフェ】,東京都中央区日本橋大伝馬町4-5,小伝馬町駅3番出口から徒歩1分（オオトリビルB1）,【あり】お店独自のWi-Fi,8口位（壁際の各テーブル）,月～木 11:00～22:00  金 11:00～23:30,土日祝,http://www.cafe-booze1933.com/,03-3662-4185,2,482
コワーク大内【銀座駅C2近くの充電スペース】※時間課金※,東京都中央区銀座6-4-8,銀座駅C2出口より徒歩3分 新橋駅銀座口より徒歩4分（曽根ビルB1F）,【あり】お店独自のWi-Fi,14口（カウンターに電源タップ2台　テーブル席に電源タップ1台）,10:00～18:00,-,https://dengen-cafe.com/2wek,03-6228-5775,2,482
